movie;type;word;minutes_in;%
Reservoir Dogs;word;dick;0.4;0.004040404
Reservoir Dogs;word;dicks;0.43;0.004343434
Reservoir Dogs;word;fucked;0.55;0.005555556
Reservoir Dogs;word;fucking;0.61;0.006161616
Reservoir Dogs;word;bullshit;0.61;0.006161616
Reservoir Dogs;word;fuck;0.66;0.006666667
Reservoir Dogs;word;shit;0.9;0.009090909
Reservoir Dogs;word;fuck;1.43;0.014444444
Reservoir Dogs;word;dicks;1.56;0.015757576
Reservoir Dogs;word;fuck;1.66;0.016767677
Reservoir Dogs;word;dick;1.75;0.017676768
Reservoir Dogs;word;dick;1.75;0.017676768
Reservoir Dogs;word;dick;1.75;0.017676768
Reservoir Dogs;word;dick;1.75;0.017676768
Reservoir Dogs;word;dick;1.75;0.017676768
Reservoir Dogs;word;dick;1.75;0.017676768
Reservoir Dogs;word;dick;1.75;0.017676768
Reservoir Dogs;word;dicks;1.75;0.017676768
Reservoir Dogs;word;motherfucker;1.83;0.018484848
Reservoir Dogs;word;dick;1.96;0.01979798
Reservoir Dogs;word;pussy;2.15;0.021717172
Reservoir Dogs;word;fucks;2.18;0.022020202
Reservoir Dogs;word;fuck;2.3;0.023232323
Reservoir Dogs;word;fucking;2.45;0.024747475
Reservoir Dogs;word;hell;2.48;0.025050505
Reservoir Dogs;word;fucking;2.51;0.025353535
Reservoir Dogs;word;fucking;2.81;0.028383838
Reservoir Dogs;word;dick;2.86;0.028888889
Reservoir Dogs;word;jap;2.93;0.02959596
Reservoir Dogs;word;fuck;3.05;0.030808081
Reservoir Dogs;word;shit;3.2;0.032323232
Reservoir Dogs;word;fucking;3.4;0.034343434
Reservoir Dogs;word;fucking;3.55;0.035858586
Reservoir Dogs;word;fucking;3.7;0.037373737
Reservoir Dogs;word;motherfucker;3.93;0.03969697
Reservoir Dogs;word;motherfucker;3.98;0.04020202
Reservoir Dogs;word;shit;4.35;0.043939394
Reservoir Dogs;word;shit;4.76;0.048080808
Reservoir Dogs;word;fucking;4.86;0.049090909
Reservoir Dogs;word;dick;5.25;0.053030303
Reservoir Dogs;word;fucking;5.41;0.054646465
Reservoir Dogs;word;fucking;5.51;0.055656566
Reservoir Dogs;word;fucking;5.55;0.056060606
Reservoir Dogs;word;fucking;5.61;0.056666667
Reservoir Dogs;word;bullshit;6.23;0.062929293
Reservoir Dogs;word;fuck;6.46;0.065252525
Reservoir Dogs;word;fucked;6.58;0.066464646
Reservoir Dogs;word;fucks;6.66;0.067272727
Reservoir Dogs;word;bullshit;6.81;0.068787879
Reservoir Dogs;word;fucking;6.86;0.069292929
Reservoir Dogs;word;fucking;6.73;0.067979798
Reservoir Dogs;word;bastard;7.38;0.074545455
Reservoir Dogs;word;goddamn;7.41;0.074848485
Reservoir Dogs;word;goddamn;7.58;0.076565657
Reservoir Dogs;word;shit;9.63;0.097272727
Reservoir Dogs;word;fucking;9.96;0.100606061
Reservoir Dogs;word;shit;10.01;0.101111111
Reservoir Dogs;word;fucking;10.08;0.101818182
Reservoir Dogs;word;shit;10.26;0.103636364
Reservoir Dogs;word;goddamn;11.13;0.112424242
Reservoir Dogs;word;fucking;11.13;0.112424242
Reservoir Dogs;word;fucking;11.85;0.11969697
Reservoir Dogs;word;fucking;12.06;0.121818182
Reservoir Dogs;word;fucking;12.08;0.122020202
Reservoir Dogs;word;fucking;12.43;0.125555556
Reservoir Dogs;word;fucking;12.45;0.125757576
Reservoir Dogs;word;fucking;12.9;0.13030303
Reservoir Dogs;word;fucking;13.73;0.138686869
Reservoir Dogs;word;fuck;14.38;0.145252525
Reservoir Dogs;word;fucking;14.66;0.148080808
Reservoir Dogs;word;fucking;14.95;0.151010101
Reservoir Dogs;word;fucking;15.38;0.155353535
Reservoir Dogs;word;fucking;15.41;0.155656566
Reservoir Dogs;word;shit;15.45;0.156060606
Reservoir Dogs;word;fuck;15.51;0.156666667
Reservoir Dogs;word;fuck;15.65;0.158080808
Reservoir Dogs;word;fucking;15.75;0.159090909
Reservoir Dogs;word;fucked;15.86;0.16020202
Reservoir Dogs;word;fucked;15.88;0.16040404
Reservoir Dogs;word;fucked;15.93;0.160909091
Reservoir Dogs;word;fuck;16.45;0.166161616
Reservoir Dogs;word;motherfuckers;16.6;0.167676768
Reservoir Dogs;word;fucking;16.65;0.168181818
Reservoir Dogs;word;fuck;16.75;0.169191919
Reservoir Dogs;word;fucking;16.86;0.17030303
Reservoir Dogs;word;fucking;17.56;0.177373737
Reservoir Dogs;word;fuck;17.63;0.178080808
Reservoir Dogs;word;fucking;17.75;0.179292929
Reservoir Dogs;word;fucking;17.95;0.181313131
Reservoir Dogs;word;fucking;18;0.181818182
Reservoir Dogs;word;shit;20.13;0.203333333
Reservoir Dogs;word;fucking;20.16;0.203636364
Reservoir Dogs;word;fuck;20.68;0.208888889
Reservoir Dogs;word;fuck;20.73;0.209393939
Reservoir Dogs;word;fuck;20.93;0.211414141
Reservoir Dogs;word;fucking;20.96;0.211717172
Reservoir Dogs;word;asshole;20.98;0.211919192
Reservoir Dogs;word;fuck;21;0.212121212
Reservoir Dogs;word;fucking;21.01;0.212222222
Reservoir Dogs;word;fuck;21.2;0.214141414
Reservoir Dogs;word;fucking;22.18;0.224040404
Reservoir Dogs;word;fuck;22.21;0.224343434
Reservoir Dogs;word;motherfucker;22.46;0.226868687
Reservoir Dogs;word;fuck;22.6;0.228282828
Reservoir Dogs;word;goddamn;22.71;0.229393939
Reservoir Dogs;word;ass;22.8;0.23030303
Reservoir Dogs;word;fuck;23;0.232323232
Reservoir Dogs;word;fucking;23.2;0.234343434
Reservoir Dogs;word;assholes;23.35;0.235858586
Reservoir Dogs;word;fucking;24.01;0.242525253
Reservoir Dogs;word;fuck;24.05;0.242929293
Reservoir Dogs;word;fucking;24.6;0.248484848
Reservoir Dogs;word;fuck;24.66;0.249090909
Reservoir Dogs;word;fucking;24.76;0.25010101
Reservoir Dogs;word;fucking;25.13;0.253838384
Reservoir Dogs;word;shit;25.35;0.256060606
Reservoir Dogs;word;fuck;25.45;0.257070707
Reservoir Dogs;word;fucking;25.75;0.26010101
Reservoir Dogs;word;bullshit;25.76;0.26020202
Reservoir Dogs;word;fucking;26.01;0.262727273
Reservoir Dogs;word;fucking;26.06;0.263232323
Reservoir Dogs;word;fucking;26.16;0.264242424
Reservoir Dogs;word;fucking;26.26;0.265252525
Reservoir Dogs;word;hell;27.21;0.274848485
Reservoir Dogs;word;shit;28.6;0.288888889
Reservoir Dogs;word;fucking;28.6;0.288888889
Reservoir Dogs;word;fucking;28.83;0.291212121
Reservoir Dogs;word;shit;28.83;0.291212121
Reservoir Dogs;word;shit;29.16;0.294545455
Reservoir Dogs;word;hell;29.18;0.294747475
Reservoir Dogs;word;fucking;31.13;0.314444444
Reservoir Dogs;word;fuck;31.5;0.318181818
Reservoir Dogs;word;fucking;31.6;0.319191919
Reservoir Dogs;word;fuck;31.8;0.321212121
Reservoir Dogs;word;fuck;31.81;0.321313131
Reservoir Dogs;word;fucking;31.88;0.322020202
Reservoir Dogs;word;hell;32.11;0.324343434
Reservoir Dogs;word;fucking;32.43;0.327575758
Reservoir Dogs;word;fuck;32.55;0.328787879
Reservoir Dogs;word;fucking;32.58;0.329090909
Reservoir Dogs;word;shit;32.6;0.329292929
Reservoir Dogs;word;fuck;32.63;0.32959596
Reservoir Dogs;word;fucking;32.7;0.33030303
Reservoir Dogs;word;shit;32.91;0.332424242
Reservoir Dogs;word;asshole;33.76;0.341010101
Reservoir Dogs;word;shit;33.81;0.341515152
Reservoir Dogs;word;fucking;33.9;0.342424242
Reservoir Dogs;word;fucking;34.3;0.346464646
Reservoir Dogs;word;fuck;34.38;0.347272727
Reservoir Dogs;word;fucking;34.46;0.348080808
Reservoir Dogs;word;fucking;34.56;0.349090909
Reservoir Dogs;word;fucking;34.6;0.349494949
Reservoir Dogs;word;fuck;34.71;0.350606061
Reservoir Dogs;word;fucking;34.75;0.351010101
Reservoir Dogs;word;fuck;34.85;0.352020202
Reservoir Dogs;word;asshole;34.98;0.353333333
Reservoir Dogs;word;assholes;35.48;0.358383838
Reservoir Dogs;word;fuck;35.5;0.358585859
Reservoir Dogs;word;fucking;35.6;0.35959596
Reservoir Dogs;word;fucking;35.61;0.35969697
Reservoir Dogs;word;n-word ;35.61;0.35969697
Reservoir Dogs;word;n-word ;35.63;0.35989899
Reservoir Dogs;word;fucking;35.71;0.360707071
Reservoir Dogs;word;fucking;35.83;0.361919192
Reservoir Dogs;word;fuck;35.88;0.362424242
Reservoir Dogs;word;asses;35.95;0.363131313
Reservoir Dogs;word;fuck;36.01;0.363737374
Reservoir Dogs;word;shit;36.06;0.364242424
Reservoir Dogs;word;fucking;36.11;0.364747475
Reservoir Dogs;word;fuck;37.41;0.377878788
Reservoir Dogs;word;fucking;37.48;0.378585859
Reservoir Dogs;word;fuck;37.91;0.382929293
Reservoir Dogs;word;fucking;39.06;0.394545455
Reservoir Dogs;word;asshole;39.06;0.394545455
Reservoir Dogs;word;fucking;39.18;0.395757576
Reservoir Dogs;word;hell;39.46;0.398585859
Reservoir Dogs;word;hell;39.6;0.4
Reservoir Dogs;word;bitch;39.88;0.402828283
Reservoir Dogs;word;fucking;40.13;0.405353535
Reservoir Dogs;word;ass;40.15;0.405555556
Reservoir Dogs;word;ass;40.3;0.407070707
Reservoir Dogs;word;fuckup;40.48;0.408888889
Reservoir Dogs;word;shit;40.96;0.413737374
Reservoir Dogs;word;fuck;41.25;0.416666667
Reservoir Dogs;word;bastard;41.3;0.417171717
Reservoir Dogs;word;fuck;41.31;0.417272727
Reservoir Dogs;word;fuck;41.43;0.418484848
Reservoir Dogs;word;fucking;41.75;0.421717172
Reservoir Dogs;word;ass;41.76;0.421818182
Reservoir Dogs;word;bitch;41.85;0.422727273
Reservoir Dogs;word;fucking;41.93;0.423535354
Reservoir Dogs;word;n-word ;41.93;0.423535354
Reservoir Dogs;word;ass;42;0.424242424
Reservoir Dogs;word;fucking;42.03;0.424545455
Reservoir Dogs;word;bitch;42.11;0.425353535
Reservoir Dogs;word;bitch;42.13;0.425555556
Reservoir Dogs;word;shit;42.16;0.425858586
Reservoir Dogs;word;fuck;42.55;0.42979798
Reservoir Dogs;word;motherfucker;42.56;0.42989899
Reservoir Dogs;word;fucker;42.6;0.43030303
Reservoir Dogs;word;shitty;42.66;0.430909091
Reservoir Dogs;word;asshead;42.86;0.432929293
Reservoir Dogs;word;fucking;43.06;0.434949495
Reservoir Dogs;word;fucking;43.31;0.437474747
Reservoir Dogs;word;shit;43.35;0.437878788
Reservoir Dogs;word;fuck;42.7;0.431313131
Reservoir Dogs;word;fuck;42.71;0.431414141
Reservoir Dogs;word;shit;43.86;0.443030303
Reservoir Dogs;word;fucking;44;0.444444444
Reservoir Dogs;word;shit;44.03;0.444747475
Reservoir Dogs;word;fucked;44.65;0.451010101
Reservoir Dogs;word;fuck;44.9;0.453535354
Reservoir Dogs;word;fucking;45.26;0.457171717
Reservoir Dogs;word;damn;45.4;0.458585859
Reservoir Dogs;word;fucking;46.48;0.469494949
Reservoir Dogs;word;fuck;46.53;0.47
Reservoir Dogs;word;fucking;46.65;0.471212121
Reservoir Dogs;word;fucking;46.66;0.471313131
Reservoir Dogs;word;fuck;47.5;0.47979798
Reservoir Dogs;word;fucking;47.51;0.47989899
Reservoir Dogs;word;fucking;47.55;0.48030303
Reservoir Dogs;word;fucking;47.7;0.481818182
Reservoir Dogs;word;fucking;47.71;0.481919192
Reservoir Dogs;word;fucking;47.73;0.482121212
Reservoir Dogs;word;fucking;47.75;0.482323232
Reservoir Dogs;word;fucking;47.8;0.482828283
Reservoir Dogs;word;fucking;47.88;0.483636364
Reservoir Dogs;word;shit;47.98;0.484646465
Reservoir Dogs;word;fucking;48.08;0.485656566
Reservoir Dogs;word;bullshit;48.15;0.486363636
Reservoir Dogs;word;fuck;48.16;0.486464646
Reservoir Dogs;word;fucking;48.25;0.487373737
Reservoir Dogs;word;fucking;48.26;0.487474747
Reservoir Dogs;word;hell;48.31;0.487979798
Reservoir Dogs;word;fucking;48.38;0.488686869
Reservoir Dogs;word;fucking;48.48;0.48969697
Reservoir Dogs;word;assholes;48.48;0.48969697
Reservoir Dogs;word;asshole;48.51;0.49
Reservoir Dogs;word;fucking;48.55;0.49040404
Reservoir Dogs;word;fucking;48.56;0.490505051
Reservoir Dogs;word;fucking;48.58;0.490707071
Reservoir Dogs;word;fucking;48.61;0.491010101
Reservoir Dogs;word;fucking;48.78;0.492727273
Reservoir Dogs;word;fucking;48.98;0.494747475
Reservoir Dogs;word;fucking;49.06;0.495555556
Reservoir Dogs;word;fucking;49.15;0.496464646
Reservoir Dogs;word;bastard;49.61;0.501111111
Reservoir Dogs;word;fuck;49.68;0.501818182
Reservoir Dogs;word;fucking;49.7;0.502020202
Reservoir Dogs;word;goddamn;49.75;0.502525253
Reservoir Dogs;word;fucking;49.8;0.503030303
Reservoir Dogs;word;fucking;49.9;0.504040404
Reservoir Dogs;word;fucking;49.98;0.504848485
Reservoir Dogs;word;fucking;50.51;0.51020202
Reservoir Dogs;word;bastard;50.68;0.511919192
Reservoir Dogs;word;fucking;50.76;0.512727273
Reservoir Dogs;word;motherfucker;50.91;0.514242424
Reservoir Dogs;word;fucking;51.08;0.515959596
Reservoir Dogs;word;fucking;51.36;0.518787879
Reservoir Dogs;word;fucking;51.51;0.52030303
Reservoir Dogs;word;fuck;51.88;0.524040404
Reservoir Dogs;word;fucking;51.98;0.525050505
Reservoir Dogs;word;fucking;53.28;0.538181818
Reservoir Dogs;word;shit;53.43;0.53969697
Reservoir Dogs;word;bitch;53.93;0.544747475
Reservoir Dogs;word;bullshit;54.25;0.547979798
Reservoir Dogs;word;fuck;54.3;0.548484848
Reservoir Dogs;word;fuck;56.73;0.573030303
Reservoir Dogs;death;;59.93;0.605353535
Reservoir Dogs;word;shit;61;0.616161616
Reservoir Dogs;word;shit;62.15;0.627777778
Reservoir Dogs;word;fuck;62.28;0.629090909
Reservoir Dogs;word;fuck;62.83;0.634646465
Reservoir Dogs;word;fuck;62.91;0.635454545
Reservoir Dogs;word;fucking;62.95;0.635858586
Reservoir Dogs;word;bastard;62.95;0.635858586
Reservoir Dogs;word;fuck;63.15;0.637878788
Reservoir Dogs;word;fucking;63.21;0.638484848
Reservoir Dogs;word;fucking;63.26;0.638989899
Reservoir Dogs;word;fucking;63.3;0.639393939
Reservoir Dogs;word;fuck;63.33;0.63969697
Reservoir Dogs;word;fuck;63.35;0.63989899
Reservoir Dogs;word;fucking;63.38;0.64020202
Reservoir Dogs;word;fucking;62.41;0.63040404
Reservoir Dogs;word;pussy;63.81;0.644545455
Reservoir Dogs;word;fucking;63.91;0.645555556
Reservoir Dogs;word;motherfucker;64.31;0.64959596
Reservoir Dogs;word;ass;64.46;0.651111111
Reservoir Dogs;word;goddamn;64.75;0.654040404
Reservoir Dogs;word;fucking;64.76;0.654141414
Reservoir Dogs;word;motherfucker;65.15;0.658080808
Reservoir Dogs;word;ass;65.65;0.663131313
Reservoir Dogs;word;damned;65.73;0.663939394
Reservoir Dogs;word;motherfucker;65.76;0.664242424
Reservoir Dogs;word;ass;65.76;0.664242424
Reservoir Dogs;word;fucking;66.05;0.667171717
Reservoir Dogs;word;fucking;66.35;0.67020202
Reservoir Dogs;word;fucking;66.36;0.67030303
Reservoir Dogs;word;fucking;66.46;0.671313131
Reservoir Dogs;word;fucking;66.5;0.671717172
Reservoir Dogs;word;ass;66.5;0.671717172
Reservoir Dogs;word;hell;66.96;0.676363636
Reservoir Dogs;word;bullshit;67.03;0.677070707
Reservoir Dogs;word;fucking;67.21;0.678888889
Reservoir Dogs;word;fucking;67.28;0.67959596
Reservoir Dogs;word;shit;67.3;0.67979798
Reservoir Dogs;word;fucking;67.48;0.681616162
Reservoir Dogs;word;shit;67.88;0.685656566
Reservoir Dogs;word;motherfucker;68.01;0.686969697
Reservoir Dogs;word;fucking;68.66;0.693535354
Reservoir Dogs;word;fucking;69.25;0.699494949
Reservoir Dogs;word;fuck;69.28;0.69979798
Reservoir Dogs;word;shit;69.3;0.7
Reservoir Dogs;word;bitch;69.31;0.70010101
Reservoir Dogs;word;shit;69.35;0.700505051
Reservoir Dogs;word;ass;69.46;0.701616162
Reservoir Dogs;word;fucking;69.48;0.701818182
Reservoir Dogs;word;fucking;69.51;0.702121212
Reservoir Dogs;word;fucking;69.53;0.702323232
Reservoir Dogs;word;motherfucker;69.61;0.703131313
Reservoir Dogs;word;shit;69.78;0.704848485
Reservoir Dogs;word;fucking;69.86;0.705656566
Reservoir Dogs;word;ass;69.88;0.705858586
Reservoir Dogs;word;fucking;70.06;0.707676768
Reservoir Dogs;word;fucking;71.63;0.723535354
Reservoir Dogs;word;fuck;71.95;0.726767677
Reservoir Dogs;word;fucking;72.16;0.728888889
Reservoir Dogs;word;fucking;72.4;0.731313131
Reservoir Dogs;word;asshole;72.58;0.733131313
Reservoir Dogs;word;fucking;72.61;0.733434343
Reservoir Dogs;word;fucking;72.95;0.736868687
Reservoir Dogs;word;bitch;73.05;0.737878788
Reservoir Dogs;word;fucking;73.28;0.74020202
Reservoir Dogs;word;fucking;73.36;0.741010101
Reservoir Dogs;word;shit;74.01;0.747575758
Reservoir Dogs;word;shit;74.05;0.747979798
Reservoir Dogs;word;bitch;74.4;0.751515152
Reservoir Dogs;word;shit;74.43;0.751818182
Reservoir Dogs;word;motherfucker;74.5;0.752525253
Reservoir Dogs;word;pussy;76.13;0.768989899
Reservoir Dogs;word;shit;76.2;0.76969697
Reservoir Dogs;word;fucking;76.28;0.770505051
Reservoir Dogs;word;fucking;76.3;0.770707071
Reservoir Dogs;word;bitch;77.05;0.778282828
Reservoir Dogs;word;bitch;77.06;0.778383838
Reservoir Dogs;word;fuck;77.13;0.779090909
Reservoir Dogs;word;n-word ;77.25;0.78030303
Reservoir Dogs;word;shit;77.28;0.780606061
Reservoir Dogs;word;n-word ;77.33;0.781111111
Reservoir Dogs;word;ass;77.35;0.781313131
Reservoir Dogs;word;bitches;77.36;0.781414141
Reservoir Dogs;word;fuck;77.4;0.781818182
Reservoir Dogs;word;fucking;78.01;0.787979798
Reservoir Dogs;word;fuck;78.55;0.793434343
Reservoir Dogs;word;fucking;78.6;0.793939394
Reservoir Dogs;word;wetback;78.95;0.797474747
Reservoir Dogs;word;shit;79.1;0.798989899
Reservoir Dogs;word;fucking;79.11;0.799090909
Reservoir Dogs;word;shit;79.36;0.801616162
Reservoir Dogs;word;fucking;79.4;0.802020202
Reservoir Dogs;word;dick;79.48;0.802828283
Reservoir Dogs;word;dick;79.51;0.803131313
Reservoir Dogs;word;fucking;79.83;0.806363636
Reservoir Dogs;word;fuck;80.18;0.80989899
Reservoir Dogs;word;bullshit;80.31;0.811212121
Reservoir Dogs;word;fucking;80.46;0.812727273
Reservoir Dogs;word;hell;80.65;0.814646465
Reservoir Dogs;word;faggot;81.65;0.824747475
Reservoir Dogs;word;shit;82.05;0.828787879
Reservoir Dogs;word;pussy;82.08;0.829090909
Reservoir Dogs;word;goddamn;82.48;0.833131313
Reservoir Dogs;word;fucking;82.5;0.833333333
Reservoir Dogs;word;fucking;82.73;0.835656566
Reservoir Dogs;word;goddamn;82.9;0.837373737
Reservoir Dogs;word;goddamn;82.96;0.837979798
Reservoir Dogs;word;ass;83.86;0.847070707
Reservoir Dogs;word;fucking;84.16;0.85010101
Reservoir Dogs;word;shit;84.16;0.85010101
Reservoir Dogs;word;bitch;84.21;0.850606061
Reservoir Dogs;word;fuck;84.3;0.851515152
Reservoir Dogs;word;fuck;84.4;0.852525253
Reservoir Dogs;word;bitch;84.5;0.853535354
Reservoir Dogs;word;fuck;85.08;0.859393939
Reservoir Dogs;word;fuck;85.28;0.861414141
Reservoir Dogs;word;fucking;85.45;0.863131313
Reservoir Dogs;death;;85.58;0.864444444
Reservoir Dogs;death;;85.58;0.864444444
Reservoir Dogs;death;;85.81;0.866767677
Reservoir Dogs;word;fucking;86.48;0.873535354
Reservoir Dogs;death;;86.55;0.874242424
Reservoir Dogs;word;fucking;86.86;0.877373737
Reservoir Dogs;word;shit;86.91;0.877878788
Reservoir Dogs;word;fucking;86.96;0.878383838
Reservoir Dogs;word;shit;87.06;0.879393939
Reservoir Dogs;word;fuck;87.73;0.886161616
Reservoir Dogs;death;;88.06;0.889494949
Reservoir Dogs;word;hell;88.38;0.892727273
Reservoir Dogs;word;shit;88.45;0.893434343
Reservoir Dogs;word;fucking;88.76;0.896565657
Reservoir Dogs;word;fucking;89.38;0.902828283
Reservoir Dogs;word;fucking;89.45;0.903535354
Reservoir Dogs;word;fucking;89.48;0.903838384
Reservoir Dogs;word;fucking;89.95;0.908585859
Reservoir Dogs;word;hell;90.1;0.91010101
Reservoir Dogs;word;bullshit;90.15;0.910606061
Reservoir Dogs;word;hell;90.3;0.912121212
Reservoir Dogs;word;fuck;90.36;0.912727273
Reservoir Dogs;word;shit;90.4;0.913131313
Reservoir Dogs;word;fucking;90.5;0.914141414
Reservoir Dogs;word;fucking;90.75;0.916666667
Reservoir Dogs;word;shit;90.88;0.917979798
Reservoir Dogs;word;cocksucker;90.91;0.918282828
Reservoir Dogs;word;fucking;91.15;0.920707071
Reservoir Dogs;word;fucking;91.35;0.922727273
Reservoir Dogs;word;fucking;91.48;0.924040404
Reservoir Dogs;word;fucking;91.75;0.926767677
Reservoir Dogs;word;fucking;91.96;0.928888889
Reservoir Dogs;word;fucking;92.01;0.929393939
Reservoir Dogs;word;goddamn;92.05;0.92979798
Reservoir Dogs;word;fucking;92.13;0.930606061
Reservoir Dogs;death;;92.15;0.930808081
Reservoir Dogs;death;;92.15;0.930808081
Reservoir Dogs;word;fucking;94.73;0.956868687
Reservoir Dogs;word;fucking;94.75;0.957070707
Reservoir Dogs;word;fucking;94.83;0.957878788
Reservoir Dogs;word;fucking;94.9;0.958585859
Reservoir Dogs;word;fucking;95.21;0.961717172
Reservoir Dogs;word;fucking;95.33;0.962929293
Reservoir Dogs;word;fucking;95.33;0.962929293
Reservoir Dogs;death;;95.4;0.963636364
Reservoir Dogs;death;;95.4;0.963636364
Pulp Fiction;word;shit;0.52;0.003376623
Pulp Fiction;word;fucking;0.82;0.005324675
Pulp Fiction;word;fuck;1.37;0.008896104
Pulp Fiction;word;fucking;1.62;0.010519481
Pulp Fiction;word;fucking;1.73;0.011233766
Pulp Fiction;word;fucking;1.77;0.011493506
Pulp Fiction;word;fucking;2.18;0.014155844
Pulp Fiction;word;fuck;2.22;0.014415584
Pulp Fiction;word;gook;2.28;0.014805195
Pulp Fiction;word;fuckers;2.28;0.014805195
Pulp Fiction;word;gooks;2.42;0.015714286
Pulp Fiction;word;fucking;2.45;0.015909091
Pulp Fiction;word;fucking;2.47;0.016038961
Pulp Fiction;word;fucking;2.53;0.016428571
Pulp Fiction;word;fuck;2.6;0.016883117
Pulp Fiction;word;fuck;3.52;0.022857143
Pulp Fiction;word;fucking;3.58;0.023246753
Pulp Fiction;word;wetback;3.67;0.023831169
Pulp Fiction;word;fuck;3.7;0.024025974
Pulp Fiction;word;fucking;4.68;0.03038961
Pulp Fiction;word;motherfucking;4.75;0.030844156
Pulp Fiction;word;fucking;7.7;0.05
Pulp Fiction;word;shit;7.87;0.051103896
Pulp Fiction;word;fuck;8.25;0.053571429
Pulp Fiction;word;goddamn;8.67;0.056298701
Pulp Fiction;word;fucking;8.72;0.056623377
Pulp Fiction;word;shit;8.72;0.056623377
Pulp Fiction;word;fucking;9.1;0.059090909
Pulp Fiction;word;n-word ;10.08;0.065454545
Pulp Fiction;word;fucked;10.17;0.066038961
Pulp Fiction;word;fuck;10.4;0.067532468
Pulp Fiction;word;ass;10.73;0.069675325
Pulp Fiction;word;n-word ;10.75;0.069805195
Pulp Fiction;word;n-word ;10.85;0.070454545
Pulp Fiction;word;damn;10.98;0.071298701
Pulp Fiction;word;pussy;11.52;0.074805195
Pulp Fiction;word;fucking;11.55;0.075
Pulp Fiction;word;bitch;11.6;0.075324675
Pulp Fiction;word;bitch;11.6;0.075324675
Pulp Fiction;word;fucking;11.63;0.075519481
Pulp Fiction;word;fucking;11.68;0.075844156
Pulp Fiction;word;fucking;11.83;0.076818182
Pulp Fiction;word;fucking;11.88;0.077142857
Pulp Fiction;word;shit;11.92;0.077402597
Pulp Fiction;word;fucking;12.03;0.078116883
Pulp Fiction;word;shit;12.07;0.078376623
Pulp Fiction;word;fuck;12.2;0.079220779
Pulp Fiction;word;fuck;12.27;0.079675325
Pulp Fiction;word;motherfucking;12.88;0.083636364
Pulp Fiction;word;fucking;12.9;0.083766234
Pulp Fiction;word;n-word ;12.92;0.083896104
Pulp Fiction;word;shit;12.93;0.083961039
Pulp Fiction;word;motherfucker;12.95;0.084090909
Pulp Fiction;word;shit;12.97;0.084220779
Pulp Fiction;word;ass;12.98;0.084285714
Pulp Fiction;word;motherfucker;13;0.084415584
Pulp Fiction;word;fucking;13.23;0.085909091
Pulp Fiction;word;fucking;13.33;0.086558442
Pulp Fiction;word;fucking;13.38;0.086883117
Pulp Fiction;word;fucking;13.43;0.087207792
Pulp Fiction;word;shit;13.47;0.087467532
Pulp Fiction;word;motherfucker;16.78;0.108961039
Pulp Fiction;word;shit;17.4;0.112987013
Pulp Fiction;word;goddamn;17.45;0.113311688
Pulp Fiction;word;ass;18.38;0.119350649
Pulp Fiction;word;shit;18.4;0.119480519
Pulp Fiction;word;fucked;18.62;0.120909091
Pulp Fiction;death;;18.7;0.121428571
Pulp Fiction;word;motherfucker;19.33;0.125519481
Pulp Fiction;word;motherfucker;19.57;0.127077922
Pulp Fiction;word;goddamn;19.58;0.127142857
Pulp Fiction;word;bitch;19.7;0.127922078
Pulp Fiction;word;bitch;19.82;0.128701299
Pulp Fiction;word;fuck;19.85;0.128896104
Pulp Fiction;word;bitch;19.85;0.128896104
Pulp Fiction;word;fuck;19.95;0.129545455
Pulp Fiction;word;fucked;20;0.12987013
Pulp Fiction;death;;20.95;0.136038961
Pulp Fiction;word;shit;21.32;0.138441558
Pulp Fiction;word;motherfucker;21.42;0.139090909
Pulp Fiction;word;motherfucking;21.82;0.141688312
Pulp Fiction;word;ass;21.88;0.142077922
Pulp Fiction;word;motherfuckers;22.03;0.143051948
Pulp Fiction;word;motherfuckers;22.08;0.143376623
Pulp Fiction;word;ass;22.1;0.143506494
Pulp Fiction;word;n-word ;23.07;0.149805195
Pulp Fiction;word;fucking;23.47;0.152402597
Pulp Fiction;word;fuck;23.52;0.152727273
Pulp Fiction;word;shit;23.7;0.153896104
Pulp Fiction;word;ass;24.07;0.156298701
Pulp Fiction;word;ass;24.23;0.157337662
Pulp Fiction;word;asses;24.4;0.158441558
Pulp Fiction;word;goddamn;24.45;0.158766234
Pulp Fiction;word;n-word ;24.45;0.158766234
Pulp Fiction;word;fucking;25.08;0.162857143
Pulp Fiction;word;goddamn;25.12;0.163116883
Pulp Fiction;word;fucking;25.17;0.163441558
Pulp Fiction;word;fucking;25.28;0.164155844
Pulp Fiction;word;shit;25.33;0.164480519
Pulp Fiction;word;fucking;25.37;0.16474026
Pulp Fiction;word;asshole;25.42;0.165064935
Pulp Fiction;word;n-word ;25.88;0.168051948
Pulp Fiction;word;ass;25.92;0.168311688
Pulp Fiction;word;shit;27.75;0.180194805
Pulp Fiction;word;fucking;27.78;0.18038961
Pulp Fiction;word;n-word ;27.88;0.181038961
Pulp Fiction;word;shit;27.98;0.181688312
Pulp Fiction;word;shit;27.98;0.181688312
Pulp Fiction;word;shit;28.03;0.182012987
Pulp Fiction;word;shit;28.08;0.182337662
Pulp Fiction;word;fucking;28.1;0.182467532
Pulp Fiction;word;fucking;28.22;0.183246753
Pulp Fiction;word;fucking;28.3;0.183766234
Pulp Fiction;word;shit;28.98;0.188181818
Pulp Fiction;word;fucker;29.43;0.191103896
Pulp Fiction;word;fucking;29.47;0.191363636
Pulp Fiction;word;fucked;29.52;0.191688312
Pulp Fiction;word;dickless;29.63;0.192402597
Pulp Fiction;word;shit;29.65;0.192532468
Pulp Fiction;word;fucked;29.67;0.192662338
Pulp Fiction;word;fucking;29.68;0.192727273
Pulp Fiction;word;asshole;29.82;0.193636364
Pulp Fiction;word;fucker;29.88;0.194025974
Pulp Fiction;word;chickenshit;29.92;0.194285714
Pulp Fiction;word;fucking;29.92;0.194285714
Pulp Fiction;word;fuck;29.97;0.19461039
Pulp Fiction;word;fuck;34.25;0.222402597
Pulp Fiction;word;hell;37.02;0.24038961
Pulp Fiction;word;hell;37.03;0.240454545
Pulp Fiction;word;goddamn;41.05;0.266558442
Pulp Fiction;word;fucking;41.05;0.266558442
Pulp Fiction;word;fucking;41.12;0.267012987
Pulp Fiction;word;bullshit;41.9;0.272077922
Pulp Fiction;word;fuck;42.1;0.273376623
Pulp Fiction;word;goddamn;42.98;0.279090909
Pulp Fiction;word;goddamn;43;0.279220779
Pulp Fiction;word;goddamn;43.03;0.279415584
Pulp Fiction;word;fucking;54.58;0.354415584
Pulp Fiction;word;fuck;54.63;0.35474026
Pulp Fiction;word;fuck;54.67;0.355
Pulp Fiction;word;fuck;54.68;0.355064935
Pulp Fiction;word;fucking;54.97;0.356948052
Pulp Fiction;word;fuck;55;0.357142857
Pulp Fiction;word;fuck;55.48;0.36025974
Pulp Fiction;word;goddamn;55.75;0.362012987
Pulp Fiction;word;fucking;55.83;0.362532468
Pulp Fiction;word;assholes;55.83;0.362532468
Pulp Fiction;word;fucking;55.93;0.363181818
Pulp Fiction;word;asshole;55.93;0.363181818
Pulp Fiction;word;fucking;56.1;0.364285714
Pulp Fiction;word;fucking;56.22;0.365064935
Pulp Fiction;word;fucking;56.28;0.365454545
Pulp Fiction;word;fucked;56.32;0.365714286
Pulp Fiction;word;fucking;56.38;0.366103896
Pulp Fiction;word;fucking;56.45;0.366558442
Pulp Fiction;word;fucking;56.53;0.367077922
Pulp Fiction;word;fucked;56.55;0.367207792
Pulp Fiction;word;fucking;56.55;0.367207792
Pulp Fiction;word;hell;56.92;0.36961039
Pulp Fiction;word;fucking;56.98;0.37
Pulp Fiction;word;shit;57.02;0.37025974
Pulp Fiction;word;fuck;57.03;0.370324675
Pulp Fiction;word;fucking;57.05;0.370454545
Pulp Fiction;word;fucked;57.12;0.370909091
Pulp Fiction;word;bitch;57.12;0.370909091
Pulp Fiction;word;fucked;57.17;0.371233766
Pulp Fiction;word;bitch;57.18;0.371298701
Pulp Fiction;word;fucking;57.25;0.371753247
Pulp Fiction;word;fucking;57.38;0.372597403
Pulp Fiction;word;shit;57.45;0.373051948
Pulp Fiction;word;shit;57.57;0.373831169
Pulp Fiction;word;goddamn;57.62;0.374155844
Pulp Fiction;word;fuck;57.63;0.374220779
Pulp Fiction;word;hell;57.82;0.375454545
Pulp Fiction;word;fucking;57.85;0.375649351
Pulp Fiction;word;fuck;57.85;0.375649351
Pulp Fiction;word;fuck;57.87;0.375779221
Pulp Fiction;word;fucking;57.88;0.375844156
Pulp Fiction;word;bitch;57.9;0.375974026
Pulp Fiction;word;fuck;57.98;0.376493506
Pulp Fiction;word;fucking;58.15;0.377597403
Pulp Fiction;word;fucking;58.48;0.37974026
Pulp Fiction;word;fuck;58.87;0.382272727
Pulp Fiction;word;fucking;58.88;0.382337662
Pulp Fiction;word;fucking;59.05;0.383441558
Pulp Fiction;word;fucking;59.27;0.38487013
Pulp Fiction;word;fuck;59.32;0.385194805
Pulp Fiction;word;bitch;59.65;0.387337662
Pulp Fiction;word;fucking;59.97;0.389415584
Pulp Fiction;word;fucking;60.15;0.390584416
Pulp Fiction;word;fucking;60.93;0.395649351
Pulp Fiction;word;hell;64.47;0.418636364
Pulp Fiction;word;gooks;67.33;0.437207792
Pulp Fiction;word;damned;67.5;0.438311688
Pulp Fiction;word;slope;67.5;0.438311688
Pulp Fiction;word;ass;67.6;0.438961039
Pulp Fiction;word;ass;67.67;0.439415584
Pulp Fiction;word;ass;67.78;0.44012987
Pulp Fiction;word;ass;70.3;0.456493506
Pulp Fiction;word;ass;70.38;0.457012987
Pulp Fiction;word;goddamn;70.4;0.457142857
Pulp Fiction;word;motherfucker;70.5;0.457792208
Pulp Fiction;word;n-word ;70.55;0.458116883
Pulp Fiction;word;ass;70.6;0.458441558
Pulp Fiction;word;shit;72.98;0.473896104
Pulp Fiction;word;fuck;73.78;0.479090909
Pulp Fiction;word;fuck;73.92;0.48
Pulp Fiction;word;fucking;74.02;0.480649351
Pulp Fiction;word;fuck;74.12;0.481298701
Pulp Fiction;word;fuck;74.45;0.483441558
Pulp Fiction;word;goddamn;74.72;0.485194805
Pulp Fiction;word;damn;77.47;0.503051948
Pulp Fiction;word;fuckhead;80.7;0.524025974
Pulp Fiction;word;merde;82.75;0.537337662
Pulp Fiction;word;fucking;84.95;0.551623377
Pulp Fiction;word;fuck;84.95;0.551623377
Pulp Fiction;word;fuck;85.28;0.553766234
Pulp Fiction;word;fucking;85.42;0.554675325
Pulp Fiction;word;shit;85.58;0.555714286
Pulp Fiction;word;fucking;85.65;0.556168831
Pulp Fiction;word;fuck;85.78;0.557012987
Pulp Fiction;word;fuck;86.03;0.558636364
Pulp Fiction;word;fuck;86.03;0.558636364
Pulp Fiction;word;fuck;86.05;0.558766234
Pulp Fiction;word;motherfucker;86.07;0.558896104
Pulp Fiction;word;fuck;86.1;0.559090909
Pulp Fiction;word;fucking;86.15;0.559415584
Pulp Fiction;word;fucking;86.15;0.559415584
Pulp Fiction;word;fuck;86.8;0.563636364
Pulp Fiction;word;shit;88.03;0.571623377
Pulp Fiction;word;fucking;88.05;0.571753247
Pulp Fiction;word;fucking;88.07;0.571883117
Pulp Fiction;death;;91.75;0.595779221
Pulp Fiction;word;motherfucker;94.7;0.614935065
Pulp Fiction;word;damned;95.35;0.619155844
Pulp Fiction;word;fuck;96.08;0.623896104
Pulp Fiction;word;motherfucker;96.2;0.624675325
Pulp Fiction;word;fucking;96.32;0.625454545
Pulp Fiction;word;shit;96.33;0.625519481
Pulp Fiction;word;motherfucking;96.45;0.626298701
Pulp Fiction;word;goddamn;96.5;0.626623377
Pulp Fiction;word;n-word ;96.78;0.628441558
Pulp Fiction;word;n-word ;100.53;0.652792208
Pulp Fiction;word;goddamn;102.35;0.66461039
Pulp Fiction;word;goddamn;102.38;0.664805195
Pulp Fiction;word;fucker;102.63;0.666428571
Pulp Fiction;word;motherfucker;102.67;0.666688312
Pulp Fiction;word;motherfucker;103.35;0.671103896
Pulp Fiction;word;fuck;103.93;0.67487013
Pulp Fiction;word;fuck;104.88;0.681038961
Pulp Fiction;word;fuck;104.95;0.681493506
Pulp Fiction;death;;105.45;0.68474026
Pulp Fiction;word;fuck;106.4;0.690909091
Pulp Fiction;word;fucking;106.62;0.692337662
Pulp Fiction;word;n-word ;107.08;0.695324675
Pulp Fiction;word;damn;107.33;0.696948052
Pulp Fiction;word;ass;107.37;0.697207792
Pulp Fiction;word;ass;108.22;0.702727273
Pulp Fiction;word;ass;108.73;0.706038961
Pulp Fiction;word;shit;109.97;0.714090909
Pulp Fiction;word;fuck;110;0.714285714
Pulp Fiction;word;fucking;110.7;0.718831169
Pulp Fiction;word;fucking;111.15;0.721753247
Pulp Fiction;word;fuck;111.73;0.725519481
Pulp Fiction;word;fucked;111.78;0.725844156
Pulp Fiction;death;;112.73;0.732012987
Pulp Fiction;word;fucked;112.87;0.732922078
Pulp Fiction;word;fucked;112.87;0.732922078
Pulp Fiction;word;fuck;112.88;0.732987013
Pulp Fiction;word;goddamn;112.95;0.733441558
Pulp Fiction;word;damn;112.97;0.733571429
Pulp Fiction;word;fuck;112.98;0.733636364
Pulp Fiction;word;shit;113.08;0.734285714
Pulp Fiction;word;motherfuckers;113.13;0.73461039
Pulp Fiction;death;;113.37;0.736168831
Pulp Fiction;word;fuck;113.65;0.737987013
Pulp Fiction;word;goddamn;113.75;0.738636364
Pulp Fiction;word;fucking;113.93;0.739805195
Pulp Fiction;word;shit;114.03;0.740454545
Pulp Fiction;word;motherfucking;114.43;0.743051948
Pulp Fiction;word;fucking;114.52;0.743636364
Pulp Fiction;word;shit;114.53;0.743701299
Pulp Fiction;word;fucking;114.57;0.743961039
Pulp Fiction;word;shit;114.6;0.744155844
Pulp Fiction;word;shit;114.63;0.744350649
Pulp Fiction;word;fucking;114.75;0.74512987
Pulp Fiction;word;fucking;114.85;0.745779221
Pulp Fiction;word;n-word ;115.08;0.747272727
Pulp Fiction;word;shit;115.12;0.747532468
Pulp Fiction;word;fucking;115.53;0.750194805
Pulp Fiction;word;fuck;115.55;0.750324675
Pulp Fiction;word;ass;115.63;0.750844156
Pulp Fiction;word;goddamn;115.68;0.751168831
Pulp Fiction;word;fucking;115.72;0.751428571
Pulp Fiction;word;ass;115.87;0.752402597
Pulp Fiction;word;damn;115.88;0.752467532
Pulp Fiction;death;;116.08;0.753766234
Pulp Fiction;word;fuck;116.1;0.753896104
Pulp Fiction;word;shit;116.12;0.754025974
Pulp Fiction;word;fuck;116.17;0.754350649
Pulp Fiction;word;ass;116.23;0.75474026
Pulp Fiction;word;shit;116.23;0.75474026
Pulp Fiction;word;motherfucking;116.33;0.75538961
Pulp Fiction;word;bitch;116.38;0.755714286
Pulp Fiction;word;fucking;116.42;0.755974026
Pulp Fiction;word;motherfucker;116.5;0.756493506
Pulp Fiction;word;shit;116.55;0.756818182
Pulp Fiction;word;fucking;116.57;0.756948052
Pulp Fiction;word;fucking;116.67;0.757597403
Pulp Fiction;word;shit;116.7;0.757792208
Pulp Fiction;word;ass;116.83;0.758636364
Pulp Fiction;word;fuck;116.85;0.758766234
Pulp Fiction;word;fucking;117.02;0.75987013
Pulp Fiction;word;shit;117.02;0.75987013
Pulp Fiction;word;fucking;117.13;0.760584416
Pulp Fiction;word;asses;117.18;0.760909091
Pulp Fiction;word;shit;117.52;0.763116883
Pulp Fiction;word;shit;117.53;0.763181818
Pulp Fiction;word;shit;117.6;0.763636364
Pulp Fiction;word;ass;117.63;0.763831169
Pulp Fiction;word;fuck;117.65;0.763961039
Pulp Fiction;word;n-word ;117.65;0.763961039
Pulp Fiction;word;fuck;117.67;0.764090909
Pulp Fiction;word;shit;117.78;0.764805195
Pulp Fiction;word;fucking;117.87;0.76538961
Pulp Fiction;word;goddamn;117.9;0.765584416
Pulp Fiction;word;shit;117.98;0.766103896
Pulp Fiction;word;goddamn;118.4;0.768831169
Pulp Fiction;word;shit;118.45;0.769155844
Pulp Fiction;word;shit;118.58;0.77
Pulp Fiction;word;fucking;118.68;0.770649351
Pulp Fiction;word;shit;118.77;0.771233766
Pulp Fiction;word;n-word ;118.92;0.772207792
Pulp Fiction;word;n-word ;119.07;0.773181818
Pulp Fiction;word;shit;119.12;0.773506494
Pulp Fiction;word;n-word ;119.17;0.773831169
Pulp Fiction;word;n-word ;119.3;0.774675325
Pulp Fiction;word;fucking;119.32;0.774805195
Pulp Fiction;word;motherfucker;119.37;0.77512987
Pulp Fiction;word;fucking;119.4;0.775324675
Pulp Fiction;word;fucking;119.52;0.776103896
Pulp Fiction;word;fucking;119.57;0.776428571
Pulp Fiction;word;fucking;119.72;0.777402597
Pulp Fiction;word;fucking;119.77;0.777727273
Pulp Fiction;word;fuck;120.12;0.78
Pulp Fiction;word;fuck;120.18;0.78038961
Pulp Fiction;word;shit;120.18;0.78038961
Pulp Fiction;word;fuck;120.25;0.780844156
Pulp Fiction;word;shit;120.25;0.780844156
Pulp Fiction;word;fucking;120.27;0.780974026
Pulp Fiction;word;shit;120.27;0.780974026
Pulp Fiction;word;fuck;120.3;0.781168831
Pulp Fiction;word;shit;120.3;0.781168831
Pulp Fiction;word;fucking;120.55;0.782792208
Pulp Fiction;word;shit;120.55;0.782792208
Pulp Fiction;word;shit;120.83;0.78461039
Pulp Fiction;word;motherfucking;121.03;0.785909091
Pulp Fiction;word;ass;121.07;0.786168831
Pulp Fiction;word;motherfucker;121.12;0.786493506
Pulp Fiction;word;n-word ;121.13;0.786558442
Pulp Fiction;word;motherfucker;121.27;0.787467532
Pulp Fiction;word;n-word ;121.32;0.787792208
Pulp Fiction;word;motherfucker;121.45;0.788636364
Pulp Fiction;word;shit;121.47;0.788766234
Pulp Fiction;word;motherfucker;123.85;0.804220779
Pulp Fiction;word;fucking;125.57;0.81538961
Pulp Fiction;word;fucking;126;0.818181818
Pulp Fiction;word;ass;128;0.831168831
Pulp Fiction;word;shit;128;0.831168831
Pulp Fiction;word;fucked;128.03;0.831363636
Pulp Fiction;word;shit;128.03;0.831363636
Pulp Fiction;word;fuck;128.17;0.832272727
Pulp Fiction;word;shit;128.18;0.832337662
Pulp Fiction;word;motherfucker;128.2;0.832467532
Pulp Fiction;word;shit;128.22;0.832597403
Pulp Fiction;word;ass;128.27;0.832922078
Pulp Fiction;word;fucking;128.35;0.833441558
Pulp Fiction;word;fucking;128.4;0.833766234
Pulp Fiction;word;fucking;128.43;0.833961039
Pulp Fiction;word;motherfucker;128.53;0.83461039
Pulp Fiction;word;motherfucker;128.53;0.83461039
Pulp Fiction;word;fuck;128.67;0.835519481
Pulp Fiction;word;motherfucker;128.68;0.835584416
Pulp Fiction;word;fucking;128.73;0.835909091
Pulp Fiction;word;n-word ;128.78;0.836233766
Pulp Fiction;word;dicks;129.12;0.838441558
Pulp Fiction;word;shit;129.52;0.841038961
Pulp Fiction;word;ass;129.33;0.839805195
Pulp Fiction;word;goddamn;129.5;0.840909091
Pulp Fiction;word;shit;129.83;0.843051948
Pulp Fiction;word;goddamn;130.08;0.844675325
Pulp Fiction;word;fucking;130.1;0.844805195
Pulp Fiction;word;fuck;130.22;0.845584416
Pulp Fiction;word;fuck;130.22;0.845584416
Pulp Fiction;word;damn;130.25;0.845779221
Pulp Fiction;word;goddamn;130.3;0.846103896
Pulp Fiction;word;motherfucker;130.9;0.85
Pulp Fiction;word;fucking;131.5;0.853896104
Pulp Fiction;word;shit;131.57;0.854350649
Pulp Fiction;word;fucking;131.85;0.856168831
Pulp Fiction;word;fucking;133.48;0.866753247
Pulp Fiction;word;fucking;133.55;0.867207792
Pulp Fiction;word;fucking;133.63;0.867727273
Pulp Fiction;word;motherfuckers;134;0.87012987
Pulp Fiction;word;shit;134.05;0.870454545
Pulp Fiction;word;motherfucking;134.55;0.873701299
Pulp Fiction;word;shit;134.85;0.875649351
Pulp Fiction;word;shit;135.35;0.878896104
Pulp Fiction;word;shit;135.38;0.879090909
Pulp Fiction;word;fucking;135.47;0.879675325
Pulp Fiction;word;shit;135.48;0.87974026
Pulp Fiction;word;fucking;135.77;0.881623377
Pulp Fiction;word;fuck;135.93;0.882662338
Pulp Fiction;word;shit;136.6;0.887012987
Pulp Fiction;word;fucking;136.8;0.888311688
Pulp Fiction;word;fucking;137.05;0.889935065
Pulp Fiction;word;shit;137.22;0.891038961
Pulp Fiction;word;fuck;137.57;0.893311688
Pulp Fiction;word;fucking;137.93;0.895649351
Pulp Fiction;word;motherfuckers;138;0.896103896
Pulp Fiction;word;fuck;138.1;0.896753247
Pulp Fiction;word;fucking;138.22;0.897532468
Pulp Fiction;word;fuck;138.23;0.897597403
Pulp Fiction;word;fuck;138.28;0.897922078
Pulp Fiction;word;fucking;138.3;0.898051948
Pulp Fiction;word;fucking;138.33;0.898246753
Pulp Fiction;word;fucking;138.37;0.898506494
Pulp Fiction;word;fuck;138.43;0.898896104
Pulp Fiction;word;fucking;138.48;0.899220779
Pulp Fiction;word;fucking;138.65;0.900324675
Pulp Fiction;word;fucking;138.68;0.900519481
Pulp Fiction;word;fuck;138.87;0.901753247
Pulp Fiction;word;fucking;139;0.902597403
Pulp Fiction;word;fuck;139.23;0.904090909
Pulp Fiction;word;fucking;139.53;0.906038961
Pulp Fiction;word;fucking;139.6;0.906493506
Pulp Fiction;word;fucking;139.75;0.907467532
Pulp Fiction;word;fucking;139.85;0.908116883
Pulp Fiction;word;fucking;139.97;0.908896104
Pulp Fiction;word;fuck;140.05;0.909415584
Pulp Fiction;word;shit;140.72;0.913766234
Pulp Fiction;word;fucking;141.05;0.915909091
Pulp Fiction;word;fuck;141.15;0.916558442
Pulp Fiction;word;goddamn;141.18;0.916753247
Pulp Fiction;word;fucking;141.43;0.918376623
Pulp Fiction;word;goddamn;142.23;0.923571429
Pulp Fiction;word;bitch;142.37;0.924480519
Pulp Fiction;word;bitch;142.4;0.924675325
Pulp Fiction;word;bitch;142.42;0.924805195
Pulp Fiction;word;fucking;142.45;0.925
Pulp Fiction;word;bitch;142.45;0.925
Pulp Fiction;word;fucking;142.5;0.925324675
Pulp Fiction;word;bitch;142.5;0.925324675
Pulp Fiction;word;motherfuckers;143.77;0.933571429
Pulp Fiction;word;motherfuckers;143.8;0.933766234
Pulp Fiction;word;asses;144.25;0.936688312
Pulp Fiction;word;fucking;144.27;0.936818182
Pulp Fiction;word;shit;144.3;0.937012987
Pulp Fiction;word;shit;144.48;0.938181818
Pulp Fiction;word;ass;144.53;0.938506494
Pulp Fiction;word;goddamn;144.82;0.94038961
Pulp Fiction;word;motherfucker;145.38;0.944025974
Pulp Fiction;word;motherfucker;145.68;0.945974026
Pulp Fiction;word;fucking;146.23;0.949545455
Pulp Fiction;word;goddamn;146.3;0.95
Pulp Fiction;word;motherfucking;146.32;0.95012987
Pulp Fiction;word;fuck;146.35;0.950324675
Pulp Fiction;word;ass;146.67;0.952402597
Pulp Fiction;word;shit;147.43;0.957337662
Pulp Fiction;word;ass;147.48;0.957662338
Pulp Fiction;word;shit;147.58;0.958311688
Pulp Fiction;word;motherfucker;147.6;0.958441558
Pulp Fiction;word;ass;147.62;0.958571429
Pulp Fiction;word;shit;147.65;0.958766234
Pulp Fiction;word;ass;147.9;0.96038961
Pulp Fiction;word;shit;148.15;0.962012987
Kill Bill: Vol. 1;word;bitch;7.12;0.064144144
Kill Bill: Vol. 1;word;ass;8.1;0.072972973
Kill Bill: Vol. 1;word;damn;8.12;0.073153153
Kill Bill: Vol. 1;word;bitch;10.45;0.094144144
Kill Bill: Vol. 1;word;shit;10.5;0.094594595
Kill Bill: Vol. 1;word;fucked;10.95;0.098648649
Kill Bill: Vol. 1;word;fucked;10.98;0.098918919
Kill Bill: Vol. 1;word;bitch;11.87;0.106936937
Kill Bill: Vol. 1;word;goddamn;12.17;0.10963964
Kill Bill: Vol. 1;word;fucking;12.17;0.10963964
Kill Bill: Vol. 1;word;bitch;12.48;0.112432432
Kill Bill: Vol. 1;word;fuck;13.07;0.117747748
Kill Bill: Vol. 1;word;bitch;13.08;0.117837838
Kill Bill: Vol. 1;word;shit;13.13;0.118288288
Kill Bill: Vol. 1;word;motherfucking;13.18;0.118738739
Kill Bill: Vol. 1;word;ass;13.18;0.118738739
Kill Bill: Vol. 1;word;motherfucking;13.28;0.11963964
Kill Bill: Vol. 1;word;bitch;13.42;0.120900901
Kill Bill: Vol. 1;death;;13.53;0.121891892
Kill Bill: Vol. 1;word;goddamn;17.2;0.154954955
Kill Bill: Vol. 1;word;hell;17.58;0.158378378
Kill Bill: Vol. 1;word;goddamn;18.02;0.162342342
Kill Bill: Vol. 1;word;shit;18.07;0.162792793
Kill Bill: Vol. 1;word;goddamn;19.32;0.174054054
Kill Bill: Vol. 1;word;cocksucker;19.73;0.177747748
Kill Bill: Vol. 1;word;fuck;22.93;0.206576577
Kill Bill: Vol. 1;word;shit;23.4;0.210810811
Kill Bill: Vol. 1;word;shit;23.45;0.211261261
Kill Bill: Vol. 1;word;fucking;25.02;0.225405405
Kill Bill: Vol. 1;word;shithead;25.12;0.226306306
Kill Bill: Vol. 1;word;fuck;28.03;0.252522523
Kill Bill: Vol. 1;word;cunt;28.43;0.256126126
Kill Bill: Vol. 1;word;shit;28.88;0.26018018
Kill Bill: Vol. 1;word;goddamn;29.37;0.264594595
Kill Bill: Vol. 1;death;;29.75;0.268018018
Kill Bill: Vol. 1;word;bullshit;31.07;0.27990991
Kill Bill: Vol. 1;word;shit;31.32;0.282162162
Kill Bill: Vol. 1;word;fuck;31.42;0.283063063
Kill Bill: Vol. 1;word;fuck;31.6;0.284684685
Kill Bill: Vol. 1;death;;31.68;0.285405405
Kill Bill: Vol. 1;word;pussy;32.12;0.289369369
Kill Bill: Vol. 1;word;fucker;32.15;0.28963964
Kill Bill: Vol. 1;word;cunts;35.15;0.316666667
Kill Bill: Vol. 1;word;dicks;35.22;0.317297297
Kill Bill: Vol. 1;death;;37.65;0.339189189
Kill Bill: Vol. 1;death;;39.57;0.356486486
Kill Bill: Vol. 1;death;;41.03;0.36963964
Kill Bill: Vol. 1;death;;42.57;0.383513514
Kill Bill: Vol. 1;death;;42.77;0.385315315
Kill Bill: Vol. 1;death;;43.48;0.391711712
Kill Bill: Vol. 1;word;shit;46.45;0.418468468
Kill Bill: Vol. 1;word;bastard;46.47;0.418648649
Kill Bill: Vol. 1;word;ass;46.63;0.42009009
Kill Bill: Vol. 1;word;goddamn;47.97;0.432162162
Kill Bill: Vol. 1;word;hell;48.03;0.432702703
Kill Bill: Vol. 1;word;damn;48.6;0.437837838
Kill Bill: Vol. 1;death;;60.57;0.545675676
Kill Bill: Vol. 1;word;bastard;62.33;0.561531532
Kill Bill: Vol. 1;word;fuckface;62.35;0.561711712
Kill Bill: Vol. 1;word;bitch;62.87;0.566396396
Kill Bill: Vol. 1;death;;62.97;0.567297297
Kill Bill: Vol. 1;word;fucking;64.2;0.578378378
Kill Bill: Vol. 1;word;fucker;64.23;0.578648649
Kill Bill: Vol. 1;word;bitches;64.32;0.579459459
Kill Bill: Vol. 1;word;fucking;64.38;0.58
Kill Bill: Vol. 1;word;goddamn;73.48;0.661981982
Kill Bill: Vol. 1;death;;75.77;0.682612613
Kill Bill: Vol. 1;death;;76.02;0.684864865
Kill Bill: Vol. 1;death;;76.02;0.684864865
Kill Bill: Vol. 1;death;;76.02;0.684864865
Kill Bill: Vol. 1;death;;76.48;0.689009009
Kill Bill: Vol. 1;death;;77.02;0.693873874
Kill Bill: Vol. 1;death;;80.32;0.723603604
Kill Bill: Vol. 1;death;;82.95;0.747297297
Kill Bill: Vol. 1;death;;82.98;0.747567568
Kill Bill: Vol. 1;death;;83;0.747747748
Kill Bill: Vol. 1;death;;83.03;0.748018018
Kill Bill: Vol. 1;death;;83.05;0.748198198
Kill Bill: Vol. 1;death;;83.05;0.748198198
Kill Bill: Vol. 1;death;;83.05;0.748198198
Kill Bill: Vol. 1;death;;83.08;0.748468468
Kill Bill: Vol. 1;death;;83.12;0.748828829
Kill Bill: Vol. 1;death;;83.18;0.749369369
Kill Bill: Vol. 1;death;;83.38;0.751171171
Kill Bill: Vol. 1;death;;83.42;0.751531532
Kill Bill: Vol. 1;death;;83.48;0.752072072
Kill Bill: Vol. 1;death;;83.65;0.753603604
Kill Bill: Vol. 1;death;;83.72;0.754234234
Kill Bill: Vol. 1;death;;83.83;0.755225225
Kill Bill: Vol. 1;death;;83.88;0.755675676
Kill Bill: Vol. 1;death;;83.93;0.756126126
Kill Bill: Vol. 1;death;;84.05;0.757207207
Kill Bill: Vol. 1;death;;84.18;0.758378378
Kill Bill: Vol. 1;death;;84.23;0.758828829
Kill Bill: Vol. 1;death;;84.27;0.759189189
Kill Bill: Vol. 1;death;;84.58;0.761981982
Kill Bill: Vol. 1;death;;84.92;0.765045045
Kill Bill: Vol. 1;death;;84.92;0.765045045
Kill Bill: Vol. 1;death;;85;0.765765766
Kill Bill: Vol. 1;death;;85.08;0.766486486
Kill Bill: Vol. 1;death;;85.1;0.766666667
Kill Bill: Vol. 1;death;;85.2;0.767567568
Kill Bill: Vol. 1;death;;85.25;0.768018018
Kill Bill: Vol. 1;death;;85.25;0.768018018
Kill Bill: Vol. 1;death;;85.28;0.768288288
Kill Bill: Vol. 1;death;;85.38;0.769189189
Kill Bill: Vol. 1;death;;85.47;0.77
Kill Bill: Vol. 1;death;;85.98;0.774594595
Kill Bill: Vol. 1;death;;86.05;0.775225225
Kill Bill: Vol. 1;death;;86.15;0.776126126
Kill Bill: Vol. 1;death;;86.2;0.776576577
Kill Bill: Vol. 1;death;;86.27;0.777207207
Kill Bill: Vol. 1;death;;86.35;0.777927928
Kill Bill: Vol. 1;death;;86.4;0.778378378
Kill Bill: Vol. 1;death;;87.52;0.788468468
Kill Bill: Vol. 1;death;;87.63;0.789459459
Kill Bill: Vol. 1;word;fucking;88.18;0.794414414
Kill Bill: Vol. 1;death;;88.95;0.801351351
Kill Bill: Vol. 1;death;;97.6;0.879279279
Kill Bill: Vol. 1;word;hell;100.1;0.901801802
Kill Bill: Vol. 2;word;hell;1.18;0.008550725
Kill Bill: Vol. 2;word;bitch;4.83;0.035
Kill Bill: Vol. 2;word;ass;9.02;0.065362319
Kill Bill: Vol. 2;word;cockblockery;9.62;0.069710145
Kill Bill: Vol. 2;word;goddamn;11.38;0.082463768
Kill Bill: Vol. 2;word;damn;12.82;0.092898551
Kill Bill: Vol. 2;death;;14.38;0.104202899
Kill Bill: Vol. 2;death;;14.38;0.104202899
Kill Bill: Vol. 2;death;;14.38;0.104202899
Kill Bill: Vol. 2;death;;14.38;0.104202899
Kill Bill: Vol. 2;death;;14.38;0.104202899
Kill Bill: Vol. 2;death;;14.38;0.104202899
Kill Bill: Vol. 2;death;;14.38;0.104202899
Kill Bill: Vol. 2;death;;14.38;0.104202899
Kill Bill: Vol. 2;death;;14.38;0.104202899
Kill Bill: Vol. 2;word;japs;15.53;0.112536232
Kill Bill: Vol. 2;word;jew (verb);17.33;0.12557971
Kill Bill: Vol. 2;word;fucking;18.7;0.135507246
Kill Bill: Vol. 2;word;ass;18.72;0.135652174
Kill Bill: Vol. 2;word;fucking;19.37;0.140362319
Kill Bill: Vol. 2;word;asshole;20.17;0.14615942
Kill Bill: Vol. 2;word;fucking;20.3;0.147101449
Kill Bill: Vol. 2;word;fucking;20.57;0.149057971
Kill Bill: Vol. 2;word;fucking;20.98;0.152028986
Kill Bill: Vol. 2;word;fucking;21.37;0.154855072
Kill Bill: Vol. 2;word;fucking;21.42;0.155217391
Kill Bill: Vol. 2;word;fucking;21.52;0.155942029
Kill Bill: Vol. 2;word;shit;21.8;0.157971014
Kill Bill: Vol. 2;word;shitty;22.5;0.163043478
Kill Bill: Vol. 2;word;ass;26.62;0.192898551
Kill Bill: Vol. 2;word;shit;27.03;0.195869565
Kill Bill: Vol. 2;word;bitch;28.93;0.209637681
Kill Bill: Vol. 2;word;ass;29.92;0.216811594
Kill Bill: Vol. 2;word;damn;30.47;0.220797101
Kill Bill: Vol. 2;word;bitch;33.02;0.239275362
Kill Bill: Vol. 2;word;pussy;33.15;0.240217391
Kill Bill: Vol. 2;word;pussy;33.23;0.240797101
Kill Bill: Vol. 2;word;ass;34.6;0.250724638
Kill Bill: Vol. 2;word;goddamn;34.7;0.251449275
Kill Bill: Vol. 2;word;fucking;34.77;0.251956522
Kill Bill: Vol. 2;word;bastards;44.12;0.319710145
Kill Bill: Vol. 2;word;fucker;44.65;0.323550725
Kill Bill: Vol. 2;word;ass;47.13;0.341521739
Kill Bill: Vol. 2;word;goddamn;49.2;0.356521739
Kill Bill: Vol. 2;word;japs;49.2;0.356521739
Kill Bill: Vol. 2;word;goddamn;50.93;0.369057971
Kill Bill: Vol. 2;word;fucked;65.67;0.475869565
Kill Bill: Vol. 2;word;horeshit;68.4;0.495652174
Kill Bill: Vol. 2;word;shit;72.45;0.525
Kill Bill: Vol. 2;death;;72.67;0.526594203
Kill Bill: Vol. 2;word;bitch;78.9;0.57173913
Kill Bill: Vol. 2;word;fucking;79.88;0.57884058
Kill Bill: Vol. 2;word;bitch;79.88;0.57884058
Kill Bill: Vol. 2;word;fucking;79.93;0.579202899
Kill Bill: Vol. 2;word;fuck;79.93;0.579202899
Kill Bill: Vol. 2;word;fucking;80.28;0.58173913
Kill Bill: Vol. 2;word;fucking;80.63;0.584275362
Kill Bill: Vol. 2;word;shit;80.75;0.585144928
Kill Bill: Vol. 2;word;pussy;85.35;0.618478261
Kill Bill: Vol. 2;word;pussy;85.4;0.61884058
Kill Bill: Vol. 2;word;fucking;102.12;0.74
Kill Bill: Vol. 2;word;goddamn;103.23;0.748043478
Kill Bill: Vol. 2;word;fuck;103.28;0.748405797
Kill Bill: Vol. 2;word;shit;104.63;0.758188406
Kill Bill: Vol. 2;word;ass;107.43;0.778478261
Kill Bill: Vol. 2;word;fuck;110.23;0.798768116
Kill Bill: Vol. 2;word;fucking;110.93;0.80384058
Kill Bill: Vol. 2;word;bitch;110.97;0.804130435
Kill Bill: Vol. 2;word;fucking;111.05;0.804710145
Kill Bill: Vol. 2;word;bullshit;111.58;0.808550725
Kill Bill: Vol. 2;word;shitless;111.92;0.811014493
Kill Bill: Vol. 2;word;fucking;112.52;0.815362319
Kill Bill: Vol. 2;word;shit;112.52;0.815362319
Kill Bill: Vol. 2;word;fucking;116.28;0.842608696
Kill Bill: Vol. 2;word;assholes;116.28;0.842608696
Kill Bill: Vol. 2;word;fucking;116.57;0.844710145
Kill Bill: Vol. 2;word;bastard;117.25;0.849637681
Kill Bill: Vol. 2;word;bastard;117.35;0.850362319
Kill Bill: Vol. 2;word;cunt;119.58;0.866521739
Kill Bill: Vol. 2;death;;121.12;0.877681159
Inglorious Basterds;death;;20.35;0.132142857
Inglorious Basterds;death;;20.35;0.132142857
Inglorious Basterds;death;;20.35;0.132142857
Inglorious Basterds;death;;20.35;0.132142857
Inglorious Basterds;word;hell;22.2;0.144155844
Inglorious Basterds;word;goddamn;22.22;0.144285714
Inglorious Basterds;word;fucking;22.32;0.144935065
Inglorious Basterds;word;bitch;22.55;0.146428571
Inglorious Basterds;death;;28.57;0.185519481
Inglorious Basterds;death;;28.63;0.185909091
Inglorious Basterds;death;;28.8;0.187012987
Inglorious Basterds;death;;29.07;0.188766234
Inglorious Basterds;death;;29.22;0.18974026
Inglorious Basterds;death;;29.23;0.189805195
Inglorious Basterds;death;;29.25;0.189935065
Inglorious Basterds;death;;29.93;0.194350649
Inglorious Basterds;word;fucking;30.93;0.200844156
Inglorious Basterds;word;goddamn;31.05;0.201623377
Inglorious Basterds;word;goddamn;32.52;0.211168831
Inglorious Basterds;word;ass;32.65;0.212012987
Inglorious Basterds;word;fuck;32.97;0.214090909
Inglorious Basterds;death;;34.77;0.225779221
Inglorious Basterds;word;shitting;34.9;0.226623377
Inglorious Basterds;word;fucking;34.97;0.227077922
Inglorious Basterds;word;fucking;35.05;0.227597403
Inglorious Basterds;word;fucking;35.1;0.227922078
Inglorious Basterds;death;;35.17;0.228376623
Inglorious Basterds;word;damn;35.2;0.228571429
Inglorious Basterds;word;fuck;35.3;0.229220779
Inglorious Basterds;word;ass;48.17;0.312792208
Inglorious Basterds;word;negro ;48.68;0.316103896
Inglorious Basterds;word;shit;51.48;0.334285714
Inglorious Basterds;word;hell;52.55;0.341233766
Inglorious Basterds;word;negro ;58.43;0.379415584
Inglorious Basterds;word;negro ;59.38;0.385584416
Inglorious Basterds;word;negro ;59.57;0.386818182
Inglorious Basterds;word;fuck;61.83;0.401493506
Inglorious Basterds;word;goddamn;69.48;0.451168831
Inglorious Basterds;word;fucking;69.5;0.451298701
Inglorious Basterds;word;squaw;73;0.474025974
Inglorious Basterds;word;ass;75.83;0.492402597
Inglorious Basterds;word;negro ;86.97;0.56474026
Inglorious Basterds;word;slut;90.53;0.587857143
Inglorious Basterds;word;hell;92.03;0.597597403
Inglorious Basterds;word;damn;92.27;0.599155844
Inglorious Basterds;death;;92.68;0.601818182
Inglorious Basterds;death;;92.68;0.601818182
Inglorious Basterds;death;;92.7;0.601948052
Inglorious Basterds;death;;92.72;0.602077922
Inglorious Basterds;death;;92.73;0.602142857
Inglorious Basterds;death;;92.75;0.602272727
Inglorious Basterds;death;;92.77;0.602402597
Inglorious Basterds;death;;92.83;0.602792208
Inglorious Basterds;death;;92.87;0.603051948
Inglorious Basterds;death;;92.87;0.603051948
Inglorious Basterds;word;fucking;96.87;0.629025974
Inglorious Basterds;death;;96.95;0.629545455
Inglorious Basterds;word;goddamn;97.12;0.630649351
Inglorious Basterds;word;fuck;97.53;0.633311688
Inglorious Basterds;word;hell;100.97;0.655649351
Inglorious Basterds;word;damn;101;0.655844156
Inglorious Basterds;word;fuck;101.82;0.661168831
Inglorious Basterds;word;ass;102.68;0.666753247
Inglorious Basterds;word;shit;103.4;0.671428571
Inglorious Basterds;word;fucking;103.82;0.674155844
Inglorious Basterds;death;;104.6;0.679220779
Inglorious Basterds;death;;104.6;0.679220779
Inglorious Basterds;death;;104.6;0.679220779
Inglorious Basterds;death;;104.6;0.679220779
Inglorious Basterds;word;fucker;107.77;0.699805195
Inglorious Basterds;word;fuck;107.82;0.70012987
Inglorious Basterds;word;ass;111.43;0.723571429
Inglorious Basterds;death;;121.13;0.786558442
Inglorious Basterds;word;fucking;121.53;0.789155844
Inglorious Basterds;word;shithead;121.53;0.789155844
Inglorious Basterds;word;fuck;121.55;0.789285714
Inglorious Basterds;word;fuck;121.57;0.789415584
Inglorious Basterds;word;shithead;121.62;0.78974026
Inglorious Basterds;word;fuck;121.63;0.789805195
Inglorious Basterds;word;fuck;121.68;0.79012987
Inglorious Basterds;word;goddamn;121.77;0.790714286
Inglorious Basterds;word;bitches;121.78;0.790779221
Inglorious Basterds;word;goddamn;121.87;0.791363636
Inglorious Basterds;word;damn;124.72;0.80987013
Inglorious Basterds;word;shit;137.82;0.894935065
Inglorious Basterds;word;ass;138.93;0.902142857
Inglorious Basterds;death;;141.47;0.918636364
Inglorious Basterds;death;;141.53;0.919025974
Inglorious Basterds;death;;142.42;0.924805195
Inglorious Basterds;death;;142.52;0.925454545
Inglorious Basterds;death;;144.17;0.936168831
Inglorious Basterds;death;;144.17;0.936168831
Inglorious Basterds;death;;144.2;0.936363636
Inglorious Basterds;death;;144.63;0.939155844
Inglorious Basterds;death;;144.63;0.939155844
Inglorious Basterds;death;;144.65;0.939285714
Inglorious Basterds;death;;144.67;0.939415584
Inglorious Basterds;death;;144.68;0.939480519
Inglorious Basterds;death;;144.85;0.940584416
Inglorious Basterds;death;;144.85;0.940584416
Inglorious Basterds;death;;144.85;0.940584416
Inglorious Basterds;death;;145.1;0.942207792
Inglorious Basterds;death;;145.6;0.945454545
Inglorious Basterds;death;;147.37;0.956948052
Inglorious Basterds;word;fuck;147.62;0.958571429
Inglorious Basterds;word;goddamn;148.73;0.965779221
Django Unchained;word;goddamn;7.23;0.043818182
Django Unchained;death;;7.75;0.046969697
Django Unchained;word;goddamn;8.37;0.050727273
Django Unchained;word;bitch;8.38;0.050787879
Django Unchained;word;damn;8.65;0.052424242
Django Unchained;word;fucking;8.87;0.053757576
Django Unchained;word;damn;8.88;0.053818182
Django Unchained;word;n-word ;9.8;0.059393939
Django Unchained;word;goddamn;10.07;0.061030303
Django Unchained;word;hell;10.53;0.063818182
Django Unchained;death;;12.63;0.076545455
Django Unchained;word;n-word ;13.57;0.082242424
Django Unchained;word;n-word ;14.07;0.085272727
Django Unchained;word;hell;14.75;0.089393939
Django Unchained;word;n-word ;14.78;0.089575758
Django Unchained;word;ass;19.37;0.117393939
Django Unchained;death;;19.62;0.118909091
Django Unchained;word;goddamn;20.25;0.122727273
Django Unchained;word;n-word ;20.47;0.124060606
Django Unchained;word;hell;22.67;0.137393939
Django Unchained;word;n-word ;24.98;0.151393939
Django Unchained;word;n-word ;28.55;0.173030303
Django Unchained;word;n-word ;28.65;0.173636364
Django Unchained;word;n-word ;28.8;0.174545455
Django Unchained;word;n-word ;29.38;0.178060606
Django Unchained;word;n-word ;29.5;0.178787879
Django Unchained;word;n-word ;29.65;0.17969697
Django Unchained;word;n-word ;31.07;0.18830303
Django Unchained;word;n-word ;31.1;0.188484848
Django Unchained;word;damn;33.12;0.200727273
Django Unchained;death;;36.47;0.221030303
Django Unchained;word;goddamn;36.55;0.221515152
Django Unchained;word;bitch;36.57;0.221636364
Django Unchained;death;;37.45;0.226969697
Django Unchained;death;;38.03;0.230484848
Django Unchained;word;bitches;40.92;0.248
Django Unchained;word;n-word ;41.68;0.252606061
Django Unchained;word;n-word ;42.02;0.254666667
Django Unchained;word;fucking;42.23;0.255939394
Django Unchained;word;shit;42.23;0.255939394
Django Unchained;word;fucking;42.33;0.256545455
Django Unchained;word;shit;42.38;0.256848485
Django Unchained;word;goddamn;42.45;0.257272727
Django Unchained;word;shit;42.47;0.257393939
Django Unchained;word;goddamn;42.5;0.257575758
Django Unchained;word;shit;43.12;0.261333333
Django Unchained;word;fucking;43.22;0.261939394
Django Unchained;word;fucking;43.25;0.262121212
Django Unchained;word;fucking;43.27;0.262242424
Django Unchained;word;fuck;43.28;0.26230303
Django Unchained;word;bitches;43.42;0.263151515
Django Unchained;word;n-word ;43.65;0.264545455
Django Unchained;word;goddamn;44.3;0.268484848
Django Unchained;word;fucking;44.42;0.269212121
Django Unchained;word;shit;44.55;0.27
Django Unchained;word;n-word ;44.58;0.270181818
Django Unchained;word;n-word ;44.63;0.270484848
Django Unchained;word;n-word ;44.67;0.270727273
Django Unchained;word;shit;45.5;0.275757576
Django Unchained;death;;45.78;0.277454545
Django Unchained;word;hell;47.65;0.288787879
Django Unchained;word;hell;48.3;0.292727273
Django Unchained;word;damn;53.08;0.32169697
Django Unchained;death;;55.07;0.333757576
Django Unchained;death;;56.58;0.342909091
Django Unchained;death;;56.62;0.343151515
Django Unchained;death;;56.63;0.343212121
Django Unchained;death;;56.65;0.343333333
Django Unchained;word;n-word ;59.42;0.360121212
Django Unchained;word;goddamned;59.65;0.361515152
Django Unchained;word;n-word ;59.75;0.362121212
Django Unchained;word;fuck;60.5;0.366666667
Django Unchained;word;fucking;62.22;0.377090909
Django Unchained;word;n-word ;63.2;0.383030303
Django Unchained;word;n-word ;64.78;0.392606061
Django Unchained;death;;66.9;0.405454545
Django Unchained;word;n-word ;70.1;0.424848485
Django Unchained;word;n-word ;71.17;0.431333333
Django Unchained;word;n-word ;71.2;0.431515152
Django Unchained;word;n-word ;71.23;0.43169697
Django Unchained;word;n-word ;71.28;0.432
Django Unchained;word;n-word ;71.35;0.432424242
Django Unchained;word;n-word ;71.87;0.435575758
Django Unchained;word;n-word ;73.17;0.443454545
Django Unchained;word;n-word ;73.23;0.443818182
Django Unchained;word;n-word ;73.32;0.444363636
Django Unchained;word;n-word ;73.73;0.446848485
Django Unchained;word;n-word ;74;0.448484848
Django Unchained;word;n-word ;74.4;0.450909091
Django Unchained;word;goddamn;74.77;0.453151515
Django Unchained;word;n-word ;74.83;0.453515152
Django Unchained;word;hell;75.67;0.458606061
Django Unchained;word;goddamn;76.2;0.461818182
Django Unchained;word;n-word ;76.3;0.462424242
Django Unchained;word;n-word ;76.37;0.462848485
Django Unchained;word;ass;76.45;0.463333333
Django Unchained;word;goddamn;76.45;0.463333333
Django Unchained;word;hell;76.92;0.466181818
Django Unchained;word;n-word ;78.48;0.475636364
Django Unchained;word;ass;79.57;0.482242424
Django Unchained;word;goddamn;79.63;0.482606061
Django Unchained;word;goddamn;79.77;0.483454545
Django Unchained;word;n-word ;79.8;0.483636364
Django Unchained;word;n-word ;81.32;0.492848485
Django Unchained;word;goddamn;81.68;0.495030303
Django Unchained;word;n-word ;82.98;0.502909091
Django Unchained;word;n-word ;83.47;0.505878788
Django Unchained;word;n-word ;83.52;0.506181818
Django Unchained;word;n-word ;83.68;0.507151515
Django Unchained;death;;84.38;0.511393939
Django Unchained;word;n-word ;84.47;0.511939394
Django Unchained;word;ass;88.32;0.535272727
Django Unchained;word;n-word ;88.35;0.535454545
Django Unchained;word;n-word ;88.75;0.537878788
Django Unchained;word;ass;88.97;0.539212121
Django Unchained;word;n-word ;89.13;0.540181818
Django Unchained;word;n-word ;89.13;0.540181818
Django Unchained;word;n-word ;89.35;0.541515152
Django Unchained;word;bastard;89.52;0.542545455
Django Unchained;word;n-word ;89.62;0.543151515
Django Unchained;word;ass;90.03;0.545636364
Django Unchained;word;motherfucker;90.03;0.545636364
Django Unchained;word;goddamn;90.17;0.546484848
Django Unchained;word;n-word ;90.32;0.547393939
Django Unchained;word;goddamn;90.37;0.54769697
Django Unchained;word;n-word ;90.42;0.548
Django Unchained;word;shit;90.43;0.548060606
Django Unchained;word;ass;90.88;0.550787879
Django Unchained;word;n-word ;91;0.551515152
Django Unchained;word;n-word ;91.02;0.551636364
Django Unchained;word;n-word ;91.17;0.552545455
Django Unchained;word;n-word ;91.18;0.552606061
Django Unchained;word;ass;92.12;0.55830303
Django Unchained;word;damn;92.23;0.558969697
Django Unchained;word;damn;92.25;0.559090909
Django Unchained;word;shit;92.27;0.559212121
Django Unchained;word;damn;92.33;0.559575758
Django Unchained;word;bitch;92.37;0.559818182
Django Unchained;word;n-word ;92.53;0.560787879
Django Unchained;word;n-word ;92.67;0.561636364
Django Unchained;word;ass;92.78;0.56230303
Django Unchained;word;ass;93.22;0.564969697
Django Unchained;word;n-word ;96.73;0.586242424
Django Unchained;word;ass;101.02;0.612242424
Django Unchained;word;n-word ;101.48;0.615030303
Django Unchained;word;n-word ;101.97;0.618
Django Unchained;word;n-word ;102.07;0.618606061
Django Unchained;word;n-word ;102.32;0.620121212
Django Unchained;word;n-word ;102.6;0.621818182
Django Unchained;word;n-word ;102.78;0.622909091
Django Unchained;word;n-word ;102.83;0.623212121
Django Unchained;word;n-word ;103.02;0.624363636
Django Unchained;word;n-word ;103.15;0.625151515
Django Unchained;word;n-word ;103.2;0.625454545
Django Unchained;word;hell;103.83;0.629272727
Django Unchained;word;n-word ;104.23;0.63169697
Django Unchained;word;n-word ;104.27;0.631939394
Django Unchained;word;ass;104.35;0.632424242
Django Unchained;word;n-word ;104.9;0.635757576
Django Unchained;word;bitch;104.97;0.636181818
Django Unchained;word;n-word ;105.62;0.640121212
Django Unchained;word;n-word ;106.12;0.643151515
Django Unchained;word;ass;108.38;0.656848485
Django Unchained;word;n-word ;108.48;0.657454545
Django Unchained;word;n-word ;108.65;0.658484848
Django Unchained;word;n-word ;109.12;0.661333333
Django Unchained;word;n-word ;109.18;0.66169697
Django Unchained;word;n-word ;109.2;0.661818182
Django Unchained;word;goddamn;109.33;0.662606061
Django Unchained;word;goddamn;111.33;0.674727273
Django Unchained;word;damn;111.53;0.675939394
Django Unchained;word;n-word ;112.08;0.679272727
Django Unchained;word;shit;112.08;0.679272727
Django Unchained;word;fucked;112.08;0.679272727
Django Unchained;word;motherfuckers;113.05;0.685151515
Django Unchained;word;hell;113.22;0.686181818
Django Unchained;word;ass;113.25;0.686363636
Django Unchained;word;n-word ;113.5;0.687878788
Django Unchained;word;n-word ;113.97;0.690727273
Django Unchained;word;n-word ;114.05;0.691212121
Django Unchained;word;fuck;114.15;0.691818182
Django Unchained;word;bitch;114.18;0.692
Django Unchained;word;goddamn;114.93;0.696545455
Django Unchained;word;bitches;115.02;0.697090909
Django Unchained;word;bitches;115.07;0.697393939
Django Unchained;word;damn;116.65;0.706969697
Django Unchained;word;goddamn;117.85;0.714242424
Django Unchained;word;jackass;120.65;0.731212121
Django Unchained;word;ass;121.12;0.734060606
Django Unchained;word;goddamn;121.12;0.734060606
Django Unchained;word;n-word ;121.37;0.735575758
Django Unchained;word;n-word ;121.67;0.737393939
Django Unchained;word;n-word ;122.45;0.742121212
Django Unchained;word;goddamn;122.6;0.743030303
Django Unchained;word;ass;122.63;0.743212121
Django Unchained;word;n-word ;123.42;0.748
Django Unchained;word;shit;130.07;0.78830303
Django Unchained;word;n-word ;130.38;0.790181818
Django Unchained;word;ass;130.45;0.790606061
Django Unchained;death;;131.27;0.795575758
Django Unchained;death;;131.53;0.797151515
Django Unchained;death;;131.72;0.79830303
Django Unchained;death;;131.8;0.798787879
Django Unchained;death;;131.83;0.798969697
Django Unchained;death;;131.92;0.799515152
Django Unchained;death;;132.05;0.80030303
Django Unchained;death;;132.13;0.800787879
Django Unchained;death;;132.13;0.800787879
Django Unchained;death;;132.13;0.800787879
Django Unchained;word;fucking;132.22;0.801333333
Django Unchained;word;n-word ;131.73;0.798363636
Django Unchained;word;shit;132.1;0.800606061
Django Unchained;word;bitch;132.12;0.800727273
Django Unchained;word;fucking;132.22;0.801333333
Django Unchained;word;damn;132.3;0.801818182
Django Unchained;word;bitch;132.32;0.801939394
Django Unchained;word;fucking;132.35;0.802121212
Django Unchained;word;damn;132.37;0.802242424
Django Unchained;word;fuck;132.42;0.802545455
Django Unchained;word;fuck;132.53;0.803212121
Django Unchained;word;n-word ;132.55;0.803333333
Django Unchained;death;;133.08;0.806545455
Django Unchained;word;n-word ;133.17;0.807090909
Django Unchained;word;motherfucker;133.27;0.80769697
Django Unchained;death;;133.38;0.808363636
Django Unchained;death;;133.38;0.808363636
Django Unchained;word;shit;133.42;0.808606061
Django Unchained;death;;133.47;0.808909091
Django Unchained;death;;133.5;0.809090909
Django Unchained;death;;133.52;0.809212121
Django Unchained;death;;133.65;0.81
Django Unchained;death;;133.83;0.811090909
Django Unchained;death;;133.87;0.811333333
Django Unchained;word;shit;134.4;0.814545455
Django Unchained;word;goddamn;134.77;0.816787879
Django Unchained;word;goddamn;135.18;0.819272727
Django Unchained;word;horseshit;135.43;0.820787879
Django Unchained;word;ass;135.65;0.822121212
Django Unchained;word;goddamn;135.7;0.822424242
Django Unchained;word;bitch;135.78;0.822909091
Django Unchained;word;n-word ;136.2;0.825454545
Django Unchained;word;n-word ;138.3;0.838181818
Django Unchained;word;ass;140.23;0.849878788
Django Unchained;word;motherfuckers;140.25;0.85
Django Unchained;word;ass;140.43;0.851090909
Django Unchained;word;fucking;140.5;0.851515152
Django Unchained;word;n-word ;140.68;0.852606061
Django Unchained;word;shit;140.93;0.854121212
Django Unchained;word;n-word ;140.97;0.854363636
Django Unchained;word;shit;141.22;0.855878788
Django Unchained;word;hell;141.25;0.856060606
Django Unchained;word;n-word ;141.27;0.856181818
Django Unchained;word;ass;141.52;0.85769697
Django Unchained;word;ass;142.42;0.863151515
Django Unchained;word;n-word ;142.43;0.863212121
Django Unchained;word;fuck;143.68;0.870787879
Django Unchained;word;fuck;144.2;0.873939394
Django Unchained;word;ass;144.58;0.876242424
Django Unchained;word;bitches;144.77;0.877393939
Django Unchained;word;goddamn;145.12;0.879515152
Django Unchained;word;fucking;145.17;0.879818182
Django Unchained;word;shit;145.22;0.880121212
Django Unchained;word;ass;145.53;0.882
Django Unchained;word;fucking;147.2;0.892121212
Django Unchained;word;damn;147.23;0.89230303
Django Unchained;word;n-word ;147.48;0.893818182
Django Unchained;word;fuck;147.62;0.894666667
Django Unchained;word;goddamn;148.43;0.899575758
Django Unchained;word;n-word ;148.57;0.900424242
Django Unchained;word;fucking;149.02;0.903151515
Django Unchained;death;;149.1;0.903636364
Django Unchained;death;;149.1;0.903636364
Django Unchained;death;;149.13;0.903818182
Django Unchained;word;goddamn;152.23;0.922606061
Django Unchained;word;motherfucker;152.35;0.923333333
Django Unchained;death;;152.37;0.923454545
Django Unchained;death;;152.38;0.923515152
Django Unchained;death;;152.4;0.923636364
Django Unchained;death;;152.4;0.923636364
Django Unchained;death;;152.47;0.924060606
Django Unchained;death;;152.47;0.924060606
Django Unchained;death;;152.5;0.924242424
Django Unchained;death;;156.77;0.950121212
Django Unchained;word;bitch;157.3;0.953333333
Django Unchained;death;;157.37;0.953757576
Django Unchained;death;;157.85;0.956666667
Django Unchained;word;n-word ;158.62;0.961333333
Django Unchained;word;n-word ;158.65;0.961515152
Django Unchained;word;shit;158.78;0.96230303
Django Unchained;word;n-word ;158.78;0.96230303
Django Unchained;word;motherfucker;158.9;0.963030303
Django Unchained;word;damn;158.92;0.963151515
Django Unchained;word;n-word ;158.98;0.963515152
Django Unchained;word;horseshit;159.18;0.964727273
Django Unchained;word;n-word ;159.25;0.965151515
Django Unchained;word;bitch;159.33;0.965636364
Django Unchained;word;motherfucker;159.37;0.965878788
Django Unchained;word;n-word ;159.42;0.966181818
Django Unchained;word;ass;159.53;0.966848485
Django Unchained;word;n-word ;159.58;0.967151515
Django Unchained;word;n-word ;159.65;0.967575758
Django Unchained;word;ass;159.7;0.967878788
Django Unchained;word;ass;159.77;0.96830303
Django Unchained;word;n-word ;159.8;0.968484848
Django Unchained;word;fucked;159.83;0.968666667
Django Unchained;word;n-word ;159.88;0.968969697
Django Unchained;word;n-word ;160.2;0.970909091
Django Unchained;word;ass;160.28;0.971393939
Django Unchained;death;;160.45;0.972424242
Jackie Brown;word;ass;4.38;0.028441558
Jackie Brown;word;shit;4.53;0.029415584
Jackie Brown;word;shit;4.63;0.030064935
Jackie Brown;word;motherfucker;4.85;0.031493506
Jackie Brown;word;shit;4.95;0.032142857
Jackie Brown;word;shit;5;0.032467532
Jackie Brown;word;motherfucker;5.28;0.034285714
Jackie Brown;word;n-word ;5.37;0.03487013
Jackie Brown;word;n-word ;5.45;0.03538961
Jackie Brown;word;fucking;5.53;0.035909091
Jackie Brown;word;damn;5.6;0.036363636
Jackie Brown;word;n-word ;5.67;0.036818182
Jackie Brown;word;shit;5.7;0.037012987
Jackie Brown;word;n-word ;6.02;0.039090909
Jackie Brown;word;motherfucker;6.08;0.039480519
Jackie Brown;word;shit;6.18;0.04012987
Jackie Brown;word;motherfucker;6.37;0.041363636
Jackie Brown;word;ass;6.7;0.043506494
Jackie Brown;word;shit;7.45;0.048376623
Jackie Brown;word;shit;8.35;0.054220779
Jackie Brown;word;n-word ;8.58;0.055714286
Jackie Brown;word;n-word ;8.62;0.055974026
Jackie Brown;word;n-word ;8.65;0.056168831
Jackie Brown;word;motherfucking;8.82;0.057272727
Jackie Brown;word;motherfuckers;9.23;0.059935065
Jackie Brown;word;bitch;9.97;0.06474026
Jackie Brown;word;fuck;10.08;0.065454545
Jackie Brown;word;fuck;10.12;0.065714286
Jackie Brown;word;goddamn;10.2;0.066233766
Jackie Brown;word;n-word ;10.2;0.066233766
Jackie Brown;word;goddamn;10.25;0.066558442
Jackie Brown;word;motherfuckers;10.5;0.068181818
Jackie Brown;word;shit;10.52;0.068311688
Jackie Brown;word;motherfucking;10.53;0.068376623
Jackie Brown;word;fuck;10.58;0.068701299
Jackie Brown;word;n-word ;12.12;0.078701299
Jackie Brown;word;shit;12.82;0.083246753
Jackie Brown;word;fuck;12.82;0.083246753
Jackie Brown;word;ass;13.1;0.085064935
Jackie Brown;word;fuck;15.63;0.101493506
Jackie Brown;word;n-word ;15.68;0.101818182
Jackie Brown;word;n-word ;15.72;0.102077922
Jackie Brown;word;ass;15.98;0.103766234
Jackie Brown;word;motherfucking;16.03;0.104090909
Jackie Brown;word;n-word ;16.1;0.104545455
Jackie Brown;word;ass;16.2;0.105194805
Jackie Brown;word;n-word ;16.23;0.10538961
Jackie Brown;word;goddamn;16.25;0.105519481
Jackie Brown;word;shit;16.28;0.105714286
Jackie Brown;word;ass;16.3;0.105844156
Jackie Brown;word;ass;16.33;0.106038961
Jackie Brown;word;motherfucking;16.35;0.106168831
Jackie Brown;word;n-word ;16.38;0.106363636
Jackie Brown;word;motherfucker;16.47;0.106948052
Jackie Brown;word;hell;16.52;0.107272727
Jackie Brown;word;shit;16.55;0.107467532
Jackie Brown;word;ass;16.58;0.107662338
Jackie Brown;word;shit;16.65;0.108116883
Jackie Brown;word;n-word ;16.77;0.108896104
Jackie Brown;word;fucking;16.87;0.109545455
Jackie Brown;word;n-word ;17.12;0.111168831
Jackie Brown;word;ass;17.22;0.111818182
Jackie Brown;word;n-word ;17.25;0.112012987
Jackie Brown;word;fuck;17.3;0.112337662
Jackie Brown;word;shit;17.4;0.112987013
Jackie Brown;word;fucking;17.42;0.113116883
Jackie Brown;word;ass;17.48;0.113506494
Jackie Brown;word;fucking;17.52;0.113766234
Jackie Brown;word;n-word ;17.82;0.115714286
Jackie Brown;word;n-word ;17.82;0.115714286
Jackie Brown;word;n-word ;17.85;0.115909091
Jackie Brown;word;n-word ;17.9;0.116233766
Jackie Brown;word;n-word ;17.95;0.116558442
Jackie Brown;word;ass;18.23;0.118376623
Jackie Brown;word;shit;18.38;0.119350649
Jackie Brown;word;n-word ;18.8;0.122077922
Jackie Brown;word;shit;19.07;0.123831169
Jackie Brown;word;motherfucker;19.35;0.125649351
Jackie Brown;word;motherfucker;19.45;0.126298701
Jackie Brown;word;fuck;19.47;0.126428571
Jackie Brown;word;shit;19.47;0.126428571
Jackie Brown;word;fucking;19.58;0.127142857
Jackie Brown;word;ass;19.62;0.127402597
Jackie Brown;word;goddamn;19.72;0.128051948
Jackie Brown;word;goddamn;19.83;0.128766234
Jackie Brown;word;goddamn;19.93;0.129415584
Jackie Brown;word;ass;19.95;0.129545455
Jackie Brown;word;n-word ;20.05;0.130194805
Jackie Brown;word;motherfucker;20.12;0.130649351
Jackie Brown;word;ass;20.17;0.130974026
Jackie Brown;word;goddamn;20.22;0.131298701
Jackie Brown;word;ass;20.28;0.131688312
Jackie Brown;word;ass;20.35;0.132142857
Jackie Brown;word;n-word ;20.38;0.132337662
Jackie Brown;word;fucking;20.52;0.133246753
Jackie Brown;word;n-word ;20.57;0.133571429
Jackie Brown;word;shit;20.58;0.133636364
Jackie Brown;word;fucking;20.65;0.134090909
Jackie Brown;word;motherfucker;21.05;0.136688312
Jackie Brown;word;motherfucker;21.12;0.137142857
Jackie Brown;word;goddamn;21.13;0.137207792
Jackie Brown;word;motherfucker;21.18;0.137532468
Jackie Brown;word;hell;21.22;0.137792208
Jackie Brown;death;;23.08;0.14987013
Jackie Brown;word;n-word ;23.07;0.149805195
Jackie Brown;word;shit;25.53;0.165779221
Jackie Brown;word;goddamn;26.13;0.169675325
Jackie Brown;word;motherfucking;26.37;0.171233766
Jackie Brown;word;ass;26.38;0.171298701
Jackie Brown;word;n-word ;27.07;0.175779221
Jackie Brown;word;fuck;27.08;0.175844156
Jackie Brown;word;n-word ;27.2;0.176623377
Jackie Brown;word;n-word ;27.22;0.176753247
Jackie Brown;word;n-word ;27.48;0.178441558
Jackie Brown;word;shitty;28.67;0.186168831
Jackie Brown;word;fucking;28.72;0.186493506
Jackie Brown;word;goddamn;29.05;0.188636364
Jackie Brown;word;fucking;29.72;0.192987013
Jackie Brown;word;fucks;30.63;0.198896104
Jackie Brown;word;shit;30.63;0.198896104
Jackie Brown;word;shittiest;30.77;0.199805195
Jackie Brown;word;fucking;30.78;0.19987013
Jackie Brown;word;shit;30.8;0.2
Jackie Brown;word;fuck;31.97;0.207597403
Jackie Brown;word;shit;32.13;0.208636364
Jackie Brown;word;shitty;32.4;0.21038961
Jackie Brown;word;goddamn;32.65;0.212012987
Jackie Brown;word;shit;33.47;0.217337662
Jackie Brown;word;shit;33.67;0.218636364
Jackie Brown;word;fucking;36.4;0.236363636
Jackie Brown;word;shit;36.42;0.236493506
Jackie Brown;word;shit;36.52;0.237142857
Jackie Brown;word;shit;36.97;0.240064935
Jackie Brown;word;shit;37;0.24025974
Jackie Brown;word;hell;37.13;0.241103896
Jackie Brown;word;motherfucking;37.15;0.241233766
Jackie Brown;word;ass;37.28;0.242077922
Jackie Brown;word;shit;37.33;0.242402597
Jackie Brown;word;ass;37.37;0.242662338
Jackie Brown;word;shit;37.88;0.245974026
Jackie Brown;word;shit;38.58;0.250519481
Jackie Brown;word;fuck;38.95;0.252922078
Jackie Brown;word;fucking;38.98;0.253116883
Jackie Brown;word;shit;39.3;0.255194805
Jackie Brown;word;shit;39.35;0.255519481
Jackie Brown;word;bitch;44.32;0.287792208
Jackie Brown;word;ass;45.38;0.294675325
Jackie Brown;word;hell;48.1;0.312337662
Jackie Brown;word;ass;48.1;0.312337662
Jackie Brown;word;ass;48.17;0.312792208
Jackie Brown;word;shit;48.35;0.313961039
Jackie Brown;word;damn;48.52;0.315064935
Jackie Brown;word;shit;48.53;0.31512987
Jackie Brown;word;shitload;48.6;0.315584416
Jackie Brown;word;shitload;50.45;0.327597403
Jackie Brown;word;dick;50.88;0.33038961
Jackie Brown;word;n-word ;50.97;0.330974026
Jackie Brown;word;hell;51.03;0.331363636
Jackie Brown;word;fuck;51.05;0.331493506
Jackie Brown;word;fuck;51.1;0.331818182
Jackie Brown;word;ass;51.22;0.332597403
Jackie Brown;word;motherfuckers;51.32;0.333246753
Jackie Brown;word;fuck;51.4;0.333766234
Jackie Brown;word;damn;51.42;0.333896104
Jackie Brown;word;ass;51.45;0.334090909
Jackie Brown;word;fucking;51.5;0.334415584
Jackie Brown;word;ass;51.62;0.335194805
Jackie Brown;word;fuck;51.65;0.33538961
Jackie Brown;word;motherfucking;51.8;0.336363636
Jackie Brown;word;motherfucking;51.97;0.337467532
Jackie Brown;word;motherfucking;53.17;0.34525974
Jackie Brown;word;ass;57.42;0.372857143
Jackie Brown;word;fuck;57.93;0.376168831
Jackie Brown;word;ass;59.12;0.383896104
Jackie Brown;word;shit;60.2;0.390909091
Jackie Brown;word;shit;61.53;0.399545455
Jackie Brown;word;ass;61.93;0.402142857
Jackie Brown;word;goddamn;62.97;0.408896104
Jackie Brown;word;shit;63.07;0.409545455
Jackie Brown;word;shit;63.07;0.409545455
Jackie Brown;word;shit;66.05;0.428896104
Jackie Brown;word;fucking;67.82;0.44038961
Jackie Brown;word;fuck;67.95;0.441233766
Jackie Brown;word;damn;69.7;0.452597403
Jackie Brown;word;n-word ;70.02;0.454675325
Jackie Brown;word;motherfuckers;70.03;0.45474026
Jackie Brown;word;ass;70.05;0.45487013
Jackie Brown;word;bullshit;70.1;0.455194805
Jackie Brown;word;motherfucker;70.12;0.455324675
Jackie Brown;word;damn;70.15;0.455519481
Jackie Brown;word;fuck;70.3;0.456493506
Jackie Brown;word;goddamn;70.45;0.457467532
Jackie Brown;word;fuck;70.8;0.45974026
Jackie Brown;word;fuck;70.9;0.46038961
Jackie Brown;word;ass;70.93;0.460584416
Jackie Brown;word;shit;71.2;0.462337662
Jackie Brown;word;fuck;71.23;0.462532468
Jackie Brown;word;damn;71.67;0.46538961
Jackie Brown;word;fucking;72.6;0.471428571
Jackie Brown;word;fuck;73.2;0.475324675
Jackie Brown;word;shit;73.27;0.475779221
Jackie Brown;word;fuck;73.85;0.479545455
Jackie Brown;word;shit;75.37;0.489415584
Jackie Brown;word;pussy;75.38;0.489480519
Jackie Brown;word;shit;75.6;0.490909091
Jackie Brown;word;bitch;75.63;0.491103896
Jackie Brown;word;fucking;75.63;0.491103896
Jackie Brown;word;fuck;75.7;0.491558442
Jackie Brown;word;n-word ;75.7;0.491558442
Jackie Brown;word;damn;75.73;0.491753247
Jackie Brown;word;fuck;75.77;0.492012987
Jackie Brown;word;fucked;75.87;0.492662338
Jackie Brown;word;shit;76.18;0.494675325
Jackie Brown;word;bitches;76.32;0.495584416
Jackie Brown;word;ass;76.72;0.498181818
Jackie Brown;word;ass;76.92;0.499480519
Jackie Brown;word;bitch;77.05;0.500324675
Jackie Brown;word;fuck;77.35;0.502272727
Jackie Brown;word;bitch;77.47;0.503051948
Jackie Brown;word;ass;79.37;0.51538961
Jackie Brown;word;shit;80.33;0.521623377
Jackie Brown;word;fuck;81;0.525974026
Jackie Brown;word;shit;81.02;0.526103896
Jackie Brown;word;shit;83.92;0.544935065
Jackie Brown;word;shit;88.68;0.575844156
Jackie Brown;word;shit;88.83;0.576818182
Jackie Brown;word;hell;92.38;0.59987013
Jackie Brown;word;hell;92.38;0.59987013
Jackie Brown;word;hell;92.43;0.600194805
Jackie Brown;word;shit;92.52;0.600779221
Jackie Brown;word;shit;92.55;0.600974026
Jackie Brown;word;goddamn;92.57;0.601103896
Jackie Brown;word;fuck;92.58;0.601168831
Jackie Brown;word;ass;92.62;0.601428571
Jackie Brown;word;fucking;92.63;0.601493506
Jackie Brown;word;fuck;92.65;0.601623377
Jackie Brown;word;ass;92.7;0.601948052
Jackie Brown;word;shit;92.82;0.602727273
Jackie Brown;word;ass;92.97;0.603701299
Jackie Brown;word;damn;93.03;0.604090909
Jackie Brown;word;shit;94.13;0.611233766
Jackie Brown;word;ass;94.27;0.612142857
Jackie Brown;word;ass;94.77;0.61538961
Jackie Brown;word;damn;94.98;0.616753247
Jackie Brown;word;shit;95.07;0.617337662
Jackie Brown;word;motherfucker;95.08;0.617402597
Jackie Brown;word;motherfucker;95.13;0.617727273
Jackie Brown;word;shit;96.7;0.627922078
Jackie Brown;word;fucking;96.9;0.629220779
Jackie Brown;word;hell;97.37;0.632272727
Jackie Brown;word;bitch;98.02;0.636493506
Jackie Brown;word;ass;98.07;0.636818182
Jackie Brown;word;shit;98.15;0.637337662
Jackie Brown;word;motherfucking;98.17;0.637467532
Jackie Brown;word;goddamn;98.23;0.637857143
Jackie Brown;word;goddamn;98.45;0.639285714
Jackie Brown;word;bitch;98.45;0.639285714
Jackie Brown;word;fucking;98.47;0.639415584
Jackie Brown;word;ass;101.37;0.658246753
Jackie Brown;word;fuck;101.92;0.661818182
Jackie Brown;word;motherfucking;101.98;0.662207792
Jackie Brown;word;bitch;102.07;0.662792208
Jackie Brown;word;fucking;102.08;0.662857143
Jackie Brown;word;ass;102.08;0.662857143
Jackie Brown;word;goddamn;102.1;0.662987013
Jackie Brown;word;ass;102.32;0.664415584
Jackie Brown;word;fuck;102.33;0.664480519
Jackie Brown;word;ass;105.27;0.683571429
Jackie Brown;word;fuck;106.32;0.69038961
Jackie Brown;word;goddamn;109.7;0.712337662
Jackie Brown;word;fuck;109.77;0.712792208
Jackie Brown;word;fucking;109.82;0.713116883
Jackie Brown;word;shit;109.97;0.714090909
Jackie Brown;word;bitch;110.13;0.71512987
Jackie Brown;word;fucking;110.15;0.71525974
Jackie Brown;word;fucking;110.52;0.717662338
Jackie Brown;word;fuck;111.27;0.722532468
Jackie Brown;word;fuck;111.83;0.726168831
Jackie Brown;word;goddamn;111.85;0.726298701
Jackie Brown;word;fucking;111.9;0.726623377
Jackie Brown;word;fuck;111.97;0.727077922
Jackie Brown;word;fucking;111.98;0.727142857
Jackie Brown;word;fuck;112.07;0.727727273
Jackie Brown;word;fuck;112.35;0.729545455
Jackie Brown;word;fucking;113.18;0.734935065
Jackie Brown;death;;113.28;0.735584416
Jackie Brown;word;bitch;114.98;0.746623377
Jackie Brown;word;fucking;115;0.746753247
Jackie Brown;word;fuck;116.07;0.753701299
Jackie Brown;word;fucking;120.22;0.780649351
Jackie Brown;word;fucking;120.35;0.781493506
Jackie Brown;word;fucking;120.85;0.78474026
Jackie Brown;word;bitch;121.1;0.786363636
Jackie Brown;word;fucking;121.87;0.791363636
Jackie Brown;word;fucking;121.92;0.791688312
Jackie Brown;word;ass;122.08;0.792727273
Jackie Brown;word;fuck;122.12;0.792987013
Jackie Brown;word;fuck;122.15;0.793181818
Jackie Brown;word;fuck;122.17;0.793311688
Jackie Brown;word;fucking;121.2;0.787012987
Jackie Brown;word;shit;122.28;0.794025974
Jackie Brown;word;bitch;123.32;0.800779221
Jackie Brown;word;shit;123.63;0.802792208
Jackie Brown;word;motherfucker;124.57;0.808896104
Jackie Brown;word;hell;124.65;0.809415584
Jackie Brown;word;ass;124.68;0.80961039
Jackie Brown;word;motherfuckers;124.75;0.810064935
Jackie Brown;word;fucking;124.83;0.810584416
Jackie Brown;word;fucking;124.85;0.810714286
Jackie Brown;word;fucking;124.88;0.810909091
Jackie Brown;word;fucking;124.9;0.811038961
Jackie Brown;word;goddamn;124.97;0.811493506
Jackie Brown;word;motherfucker;125.07;0.812142857
Jackie Brown;word;ass;125.1;0.812337662
Jackie Brown;word;shit;125.12;0.812467532
Jackie Brown;word;fucking;125.15;0.812662338
Jackie Brown;word;fuck;125.33;0.813831169
Jackie Brown;word;ass;125.37;0.814090909
Jackie Brown;death;;125.43;0.814480519
Jackie Brown;word;shit;126.42;0.820909091
Jackie Brown;word;fucking;126.62;0.822207792
Jackie Brown;word;fucking;127.07;0.82512987
Jackie Brown;word;fucking;127.42;0.827402597
Jackie Brown;word;fucking;128.38;0.833636364
Jackie Brown;word;motherfucking;128.42;0.833896104
Jackie Brown;word;motherfucker;128.47;0.834220779
Jackie Brown;word;fuck;129.17;0.838766234
Jackie Brown;word;fucking;129.57;0.841363636
Jackie Brown;word;goddamn;130.9;0.85
Jackie Brown;word;motherfucking;130.92;0.85012987
Jackie Brown;word;motherfucking;131;0.850649351
Jackie Brown;word;motherfucker;131.08;0.851168831
Jackie Brown;word;motherfucker;131.18;0.851818182
Jackie Brown;word;shit;131.22;0.852077922
Jackie Brown;word;n-word ;131.25;0.852272727
Jackie Brown;word;motherfucker;131.28;0.852467532
Jackie Brown;word;goddamn;131.35;0.852922078
Jackie Brown;word;motherfucker;131.38;0.853116883
Jackie Brown;word;shit;131.4;0.853246753
Jackie Brown;word;goddamn;131.45;0.853571429
Jackie Brown;word;shit;131.57;0.854350649
Jackie Brown;word;n-word ;131.8;0.855844156
Jackie Brown;word;motherfucking;132.78;0.862207792
Jackie Brown;word;ass;133.05;0.863961039
Jackie Brown;word;motherfucking;133.13;0.864480519
Jackie Brown;word;fuck;134;0.87012987
Jackie Brown;word;goddamn;134.02;0.87025974
Jackie Brown;word;fucking;134.07;0.870584416
Jackie Brown;word;ass;134.18;0.871298701
Jackie Brown;word;motherfucker;134.33;0.872272727
Jackie Brown;word;motherfucker;134.5;0.873376623
Jackie Brown;word;n-word ;134.78;0.875194805
Jackie Brown;word;shit;135;0.876623377
Jackie Brown;word;ass;135.67;0.880974026
Jackie Brown;word;dumbass;135.72;0.881298701
Jackie Brown;word;bullshit;136.72;0.887792208
Jackie Brown;word;fucking;136.9;0.888961039
Jackie Brown;word;ass;137.13;0.890454545
Jackie Brown;word;n-word ;137.13;0.890454545
Jackie Brown;word;goddamn;138.2;0.897402597
Jackie Brown;word;bullshit;141.03;0.915779221
Jackie Brown;word;bitch;141.2;0.916883117
Jackie Brown;word;goddamn;141.23;0.917077922
Jackie Brown;word;motherfucker;141.35;0.917857143
Jackie Brown;word;n-word ;141.5;0.918831169
Jackie Brown;word;motherfucker;141.55;0.919155844
Jackie Brown;word;motherfucker;141.8;0.920779221
Jackie Brown;word;motherfucker;141.93;0.921623377
Jackie Brown;word;ass;142.43;0.92487013
Jackie Brown;word;fucking;142.47;0.92512987
Jackie Brown;word;goddamn;142.97;0.928376623
Jackie Brown;death;;143.13;0.929415584
